slug,subfolder_slug
1031-exchange,
15-vs-30-year-mortgage,
2d-frame-analysis,
401k,
401k-vs-roth-401k,
5-whys,
50-30-20-budget,
529-plan,
529-vs-utma,
555-timer,
70-rule,
72t,
a-a-gradient,
a-b-test-significance,
a-search-calculator,
aashto-1993-pavement-design,
abi,
about,
absenteeism-rate,
absi,
abv,
acceleration,
accessibility,
aci-concrete-mix-design,
acre-feet-to-gallons,
acres-to-square-feet,
added-sugar,
adhesive-calculator,
adiabatic-equation,
adjacency-list,
adjacency-matrix,
adsorption-isotherm,
affine-cipher,
age,
age-calculator,
age-grade-running,
agency-cost,
aggregate-gradation,
agile-velocity,
ahp,
air-force-pft,
airbnb,
aircraft-performance,
aircraft-range,
airfoil,
aisc-bolted-connection,
aisc-steel-beam-design,
aisc-steel-column-design,
aisc-welded-connection,
alabama-income-tax,
alabama-local-sales-tax,
alaska-income-tax,
alberta-tax,
alcohol-calorie,
algebra-calculator,
alimony,
allele-frequency,
altman-z-score,
amps-to-watts,
amt,
anagram-solver,
angle-calculator,
angle-converter,
angstrom-to-nm,
anion-gap,
annuity,
annuity-present-value,
annulus-area,
ansoff-matrix,
antenna-design,
apache-ii-score,
apft-score,
apgar-score,
api-latency,
apm-test,
apparent-absolute-magnitude,
appointment-calculator,
apr,
aqi,
aquarium-stocking,
arc-length-calculator,
area,
area-converter,
arithmetic-sequence,
arizona-income-tax,
arkansas-income-tax,
arm,
arrhenius-equation,
asce-7-16-seismic,
asce-7-16-wind-load,
asce-7-22-components-and-cladding,
asce-7-22-seismic-design,
asce-7-22-snow-load,
asce-7-22-tornado-load,
asce-7-22-wind-load,
asce-7-load-combinations,
asphalt,
asset-allocation,
atbash-cipher,
atm-to-psi,
atmospheres-to-kpa-converter,
atmospheres-to-psi-converter,
atterberg-limits,
australian-tax-brackets-and-rates-for-residents-2025-26-medicare-levy-and-surcharge-low-income-tax-offset-calculating-your-tax-payable-faqs,
author,
auto-insurance-calculator,
auto-lease,
auto-lease-calculator,
auto-loan,
auto-loan-calculator,
average-down,
awg-to-mm,
axis-of-symmetry-calculator,
azimuth-bearing-converter,
bac,
baconian-cipher,
bacterial-growth-curve,
bai,
balloon-loan,
balloon-payment-calculator,
bandwidth-calculator,
bar-to-psi,
barcode-generator,
barns-to-square-meters,
barrels-to-gallons,
base-converter,
basic-arithmetic,
batch-reactor-design,
bathroom-layout-calculator,
batting-average,
bayes-theorem,
bayesian-inference,
bayesian-network,
bc-tax,
bcg-matrix,
beam-deflection,
bearing,
bearing-capacity,
bearing-life,
beaufort-scale,
beer-bottling,
beer-lambert-law,
belt-drive-design,
benzodiazepine-conversion,
bernoulli-equation,
beta,
bfs,
biblical-units-converter,
big-number,
big-o,
bike-cadence,
bike-gear,
bike-size,
bilirubin,
billiards-angle,
binary,
binding-energy,
binomial-distribution,
binomial-option-pricing,
bioreactor-design,
biorhythm,
birthday,
bisection-method,
bishop-score,
bits-to-bytes,
biweekly-mortgage,
black-scholes,
blackjack-strategy,
blasting-vibration,
block-calculator,
block-wall,
blog,
blood-pressure-calculator,
bmi-calculator,
bmi-prime,
bmr,
board-foot,
board-game-score,
boat-loan-calculator,
bod,
bode-plot,
body-fat,
body-shape,
bodybuilding-macro,
bohr-model,
bollinger-bands,
bolt-torque,
bond-ladder,
bond-yield,
bonus-gross-up-calculator,
boolean-algebra,
born-haber-cycle,
bowling-score,
box-and-whisker-plot,
bpd-to-gpm,
bra-size-converter,
bradford-factor,
braille-translator,
break-even-analysis,
break-even-calculator,
brewster-s-angle-calculator,
brick-calculator,
bridge-load-rating,
bridge-loan-calculator,
brrrr,
bs-7671-cable-sizing,
bs-7671-voltage-drop,
bsa,
bsa-calculator,
bsa-dosing,
btu-to-calories,
btu-to-joules,
btu-to-joules-converter,
btu-to-kwh,
btu-to-watts,
buckling-load,
building-energy,
bullwhip-effect,
bushels-to-liters,
business-days-calculator,
business-finance-and-ratios,
business-loan,
business-loan-calculator,
business-mileage,
business-operations,
business-valuation,
business-valuation-calculator,
cac,
caching-strategy,
caesar-cipher,
cake-pan-converter,
calculating-your-net-salary-from-ctc-cost-to-company-deductions-pf-esi-professional-tax-tds-understanding-your-payslip-faqs,
calculus,
calendar-calculator,
calibration-curve,
california-income-tax,
california-sales-tax,
calorie,
calorie-deficit-calculator,
calorie-to-btu,
calories-burned,
calories-to-joules,
cam-design,
canada-income-tax,
canada-payroll,
canada-taxes,
canadian-mortgage,
candle-making,
cap-rate,
cap-theorem,
capital-gains-harvesting,
capital-gains-tax,
capital-gains-tax-uk,
capital-structure-optimization,
capm,
car-depreciation,
car-insurance,
car-lease-calculator,
car-payment-calculator,
carat-to-grams,
carb-calculator,
carbohydrate,
carbon-dating,
carbon-footprint,
card-making-calculator,
cardio-calculator,
cartesian-to-cylindrical,
cartesian-to-polar,
cartesian-to-spherical,
cash-conversion-cycle,
cash-flow-projection-calculator,
cash-flow-statement,
cash-on-cash-return,
cash-ratio,
cash-secured-put,
cat-age,
cat-calorie,
cat-chocolate-toxicity,
cat-dosage,
caulk-calculator,
cbm,
cd,
cell-doubling-time,
celsius-to-fahrenheit,
celsius-to-kelvin,
cement-calculator,
central-angle-calculator,
central-limit-theorem,
centripetal-force,
cfm-to-lps,
cha2ds2-vasc-score,
chain-drive-design,
chains-to-feet,
character-counter,
checksum-calculator,
chemical-equation-balancer,
chi-square-test,
child-pugh-score,
child-support,
child-tax-credit,
chiller-load,
chinese-pension,
chinese-remainder-theorem,
chinese-zodiac,
chocolate-toxicity,
cholesterol-calculator,
chord-calculator,
church-tax-germany,
churn-rate,
ci-to-bq,
cidr-calculator,
circle-calculator,
circular-sector-area,
circular-segment-area,
civil,
civil-aashto-lrfd,
civil-aci-318,
civil-aisc-360,
civil-asce-7-22,
civil-foundations,
civil-geotechnical,
civil-tms-402-602,
clausius-clapeyron,
closing-costs,
clothing-size-converter,
cloud-cost,
clv,
cm-to-inches,
co-signer-loan-calculator,
cochrans-q-test,
cocomo,
coffee-cost,
cohen-s-d-calculator,
cohen-s-kappa-calculator,
collatz-conjecture,
color-code-converter,
color-picker,
colorado-income-tax,
colorado-local-sales-tax,
combination-and-permutation,
combination-calculator,
commercial-lease,
commercial-real-estate,
commercial-real-estate-pro-forma,
commission,
comparable-company-analysis,
complex-number,
composite-beam-design,
compound-interest-calculator,
compression-ratio-calculator,
compton-scattering,
conception-date,
concrete-admixture,
concrete-beam-design,
concrete-calculator,
concrete-column,
concrete-column-design,
concrete-footing,
concrete-footing-design,
concrete-mix,
concrete-shear-design,
concrete-slab,
concrete-slab-calculator,
concrete-strength,
cone-calculator,
cone-volume-calculator,
confidence-interval,
conic-classifier,
connecticut-income-tax,
consolidation-settlement,
construction-delay-analysis,
construction-loan-calculator,
contact,
container-loading,
continued-fraction,
contribution-margin-calculator,
control-premium,
conversions-angles-and-coordinates,
conversions-apparel-and-size,
conversions-area,
conversions-bandwidth-and-data-rate,
conversions-cooking-helpers,
conversions-data-storage,
conversions-density,
conversions-electrical-and-wire,
conversions-energy-and-heat,
conversions-flow-rate,
conversions-force-and-torque,
conversions-fuel-economy,
conversions-historical-and-specialized-units,
conversions-length-and-distance,
conversions-magnetism,
conversions-mass-and-weight,
conversions-power-and-lighting,
conversions-pressure,
conversions-radiation-and-dose,
conversions-speed,
conversions-temperature,
conversions-time-and-formats,
conversions-typography-and-web,
conversions-universal,
conversions-viscosity,
conversions-volume-and-capacity,
convolution,
cooking-calculator,
cooking-conversion,
cooper-test,
coordinate-calccalculator,
cord-to-cubic-feet,
core-math-equations-slope-evaluation,
corrected-calcium,
corrected-phenytoin-level,
corrected-sodium,
correlation-calculator,
correlation-coefficient,
corticosteroid-conversion,
cost-of-living,
cost-per-hire,
council-tax,
countdown-calculator,
covariance,
covariance-matrix,
covered-call,
cp-to-pa-s,
cpk,
cpm,
cpm-calculator,
cpp,
crack-width,
crane-lift-plan,
crane-runway-beam-design,
creatinine-clearance,
credit-card-payoff,
credit-card-payoff-calculator,
credit-card-processing-fee,
credit-card-validator,
credit-rating-model,
critical-angle,
critical-swim-speed,
crochet-calculator,
cronbach-s-alpha-calculator,
crop-evapotranspiration,
crop-yield,
cross-correlation,
cross-product,
cross-stitch-calculator,
crossword-solver,
crystallizer-design,
ctr,
cube-calculator,
cubic-feet-to-gallons,
cubic-meters-to-liters,
culvert-design,
cunningham-formula,
cups-to-ml,
cups-to-tablespoons,
curb-65-score,
currency-converter,
currency-option,
current-ratio,
cut-and-fill,
cycle-time,
cycling-power,
cycling-speed,
cyclomatic-complexity,
cylinder-calculator,
cylinder-volume-calculator,
cylindrical-to-cartesian,
d-d-name-generator,
d-d-point-buy-calculator,
dam-stability,
darcy-weisbach,
darcys-law,
darts-checkout,
data-storage-converter,
data-transfer-rate-converter,
database-sizing,
date,
date-calculator,
date-difference-calculator,
date-duration,
date-range-calculator,
day-of-week-calculator,
days-between-dates,
days-of-inventory-on-hand,
days-payables-outstanding,
days-sales-outstanding,
days-until,
dbm-to-watts,
dc-income-tax,
dcf,
dcf-equity,
dd-to-dms,
de-broglie-wavelength,
dead-load,
debt-avalanche-calculator,
debt-consolidation,
debt-snowball-calculator,
debt-to-assets-ratio,
debt-to-equity-ratio,
debt-to-income-ratio,
decagon-calculator,
decibel,
decimal-calculator,
decimal-to-fraction,
decimal-to-time,
decision-tree,
deck-calculator,
decking,
degrees-to-radians,
delaware-income-tax,
delta-delta-ct,
delta-gap,
density,
depreciation,
depth-of-field,
derivative,
detention-pond,
development-length-compression,
development-length-tension,
dew-point,
dewatering,
dewatering-flow-rate,
dfs,
dice-roll-probability,
diet-plan-calculator,
differential-equation-solver,
diffie-hellman,
diffraction-grating,
dijkstra-s-algorithm-calculator,
dilution,
dinner,
diophantine-equation,
disability-insurance,
disclaimer,
discount-calculator,
discriminant-calculator,
distance-calculator,
distance-formula-calculator,
dividend-discount-model,
dividend-yield,
dms-to-dd,
dna-concentration,
dna-to-protein-translator,
dnd-name-generator,
dodecagon-calculator,
dodecahedron-volume,
dog-age,
dog-calorie,
dog-dosage,
dot-product,
double-slit-interference,
doubling-time,
down-payment,
download-time-calculator,
dps,
drag-coefficient,
drake-equation,
dram-to-grams,
dream-interpretation,
drilled-shaft,
drug-dosage,
drug-half-life,
drywall,
drywall-calculator,
dscr,
dti-ratio,
duct-sizing,
due-date,
dupont-analysis,
e-mc2,
ean-validator,
earth-dam-seepage,
ecological-footprint,
edd,
edpi,
effective-annual-rate,
effective-field-goal-percentage,
egc-sizing,
ehp,
eigenvalue-eigenvector,
ein-validator,
eitc,
elapsed-time-calculator,
electron-configuration,
electronegativity-difference,
elisa,
ellipse-area,
ellipse-calculator,
ellipsoid-volume,
elo-rating,
email-validator,
embroidery-calculator,
emergency-fund,
empirical-formula,
employee-stock-option,
employee-turnover-rate,
ems-to-pixels,
energy-density,
energy-unit-converter,
engine-displacement-calculator,
engine-horsepower-calculator,
eoq,
epoxy-resin,
eps,
equation-solver,
equilateral-triangle-calculator,
equipment-financing-calculator,
equipment-loan-calculator,
era,
ergs-to-joules,
ergun-equation,
estate-tax,
euclidean-algorithm,
euler-s-method-calculator,
euler-s-totient-function-calculator,
eulers-totient-function,
eurocode-1-imposed-loads,
eurocode-1-snow-load,
eurocode-1-thermal-actions,
eurocode-1-wind-load,
eurocode-2-anchorage-length,
eurocode-2-beam-design,
eurocode-2-column-design,
eurocode-2-punching-shear,
eurocode-2-shear-design,
eurocode-3-beam-design,
eurocode-3-bolted-connection,
eurocode-3-column-design,
eurocode-4-composite-beam,
eurocode-4-composite-column,
eurocode-5-timber-beam,
eurocode-5-timber-column,
eurocode-6-concentrated-load,
eurocode-6-masonry-wall,
eurocode-6-shear-wall,
eurocode-7-bearing-resistance,
eurocode-7-pile-capacity,
eurocode-7-retaining-wall,
eurocode-7-sliding-resistance,
eurocode-7-slope-stability,
eurocode-8-capacity-design,
eurocode-8-inter-storey-drift,
eurocode-8-seismic-design,
eurocode-9-aluminum-design,
eurocode-9-column-design,
eurocode-load-combinations,
ev-to-joules,
eva,
event-budget,
evm,
excavation-calculator,
exchange-ratio,
exercise,
exoplanet-transit,
exponent,
exponential-distribution,
f-test,
factor-of-safety,
factorial,
factoring,
factoring-calculator,
fahrenheit-to-celsius,
fahrenheit-to-kelvin,
fantasy-name-generator,
faq,
fastener-calculator,
fat-calculator,
fat-intake,
fathoms-to-feet,
fatigue-life,
fcfe,
fcff,
fdi-roi,
fea-truss,
federal-income-tax-head-of-household,
federal-income-tax-married-filing-jointly,
federal-income-tax-single,
feet-and-inches-to-cm,
feet-of-water-to-psi,
feet-per-second-to-mph,
feet-to-meters,
fence-calculator,
fertilizer,
fft,
fha-loan,
fiber,
fiber-calculator,
fibonacci-calculator,
fibonacci-number,
fibonacci-retracement,
fick-principle,
ficks-law,
field-goal-distance,
fill-rate,
filter-design,
fin-heat-transfer,
final-grade,
financial-goals,
fir-filter-design,
fire,
fl-oz-to-ml,
flash-distillation,
floor-plan-calculator,
flooring,
flooring-calculator,
florida-income-tax,
florida-sales-tax,
foil,
food-density,
food-scale-calculator,
force,
forecasting,
forex,
formal-charge,
formwork-pressure,
forward-kinematics,
forward-rate,
foundation-calculator,
fourier-series,
fraction,
frame-size,
framingham-risk-score,
free-water-deficit,
freight-class,
french-pension,
frequency-distribution,
friedman-test,
friendship,
frustum-volume,
ft-lb-to-nm,
fte,
fuel-cost,
fuel-economy-calculator,
fuel-economy-converter,
fuel-injector-size-calculator,
fugacity,
fujita-scale,
function-calculator,
function-point,
furlongs-to-miles,
furniture-layout-calculator,
future-value,
future-value-of-annuity,
g-test,
gaa,
gabion-wall-design,
gacha,
gallons-to-liters,
game-theory,
gardening-calculator,
gas-mileage-calculator,
gas-mixture,
gauss-to-tesla,
gb-to-tb,
gcf,
gear-ratio,
gear-ratio-calculator,
gec-sizing,
general-utility,
genetic-algorithm,
geodetic-distance,
geologic-time-scale-converter,
geometric-distribution,
geometric-sequence,
georgia-income-tax,
georgia-local-sales-tax,
german-capital-gains-tax,
german-income-tax,
german-pension,
german-trade-tax,
german-vat,
gfr,
gibbs-free-energy,
gift-tax,
glasgow-coma-scale,
glulam-beam-design,
glycemic-load,
goal-difference,
goldbach-conjecture,
golden-ratio,
golf-handicap,
goods-and-services-tax-gst-in-india-calculating-gst-at-different-slab-rates-5-12-18-28-adding-or-removing-gst-cgst-sgst-and-igst-explained-faqs,
googlec8c0eedfe44345b9,
gpa-calculator,
gpm-to-lps,
grade,
gradient-divergence-curl,
grains-to-grams,
gram-schmidt,
grams-to-carats,
grams-to-cups,
grams-to-moles,
grams-to-ounces,
grams-to-pounds,
graph-degree,
graphing,
graphing-and-visualization,
graphing-calculator,
grass-seed,
gravel,
gravel-calculator,
gravitational-lensing,
greek-units-converter,
green-roof-load,
greenhouse,
greenhouse-gas-equivalencies,
greenshields-model,
grm,
grounding-grid,
growth-chart,
gst-hst,
guesstimate,
gwp,
half-life,
halstead-complexity,
hard-money-loan-calculator,
hardness-conversion,
hardware-calculator,
hardy-weinberg,
harris-benedict,
has-bled-score,
hash-generator,
hawaii-income-tax,
hazen-williams,
heart-rate-calculator,
heart-score,
heat-index,
heat-loss,
heat-transfer,
hectares-to-acres,
helical-pile,
heloc,
heloc-calculator,
help,
hemocytometer,
henderson-hasselbalch,
heptagon-calculator,
herons-formula,
herons-formula-calculator,
hex,
hex-color-converter,
hexagon-calculator,
hhi,
higher-education-loan-program-help-calculating-your-compulsory-repayment-amount-based-on-income-repayment-thresholds-and-rates-indexation-explained-faqs,
hiking-time,
hill-cipher,
historical-volatility,
hobbies,
hobby-cost,
hogshead-to-gallons,
hohmann-transfer,
home-equity-loan-calculator,
home-insurance,
horizontal-curve,
horse-weight,
horsepower,
horsepower-to-weight-ratio,
hourly-to-salary,
hours-calculator,
house-affordability,
how-cgt-works-in-australia-calculating-your-capital-gain-or-loss-the-50-cgt-discount-for-individuals-main-residence-exemption-faqs,
how-much-house-can-i-afford,
how-to-calculate-emis-for-loans-home-car-personal-the-emi-formula-explained-principal-and-interest-components-prepayment-of-loans-faqs,
how-to-calculate-your-hra-exemption-rules-for-hra-calculation-for-salaried-individuals-living-in-rented-accommodation-faqs,
hp-to-kw-converter,
hp-to-watts,
hsa,
html-entity-encoder,
hubble-s-law-calculator,
human-capital-roi,
human-life-value,
hvac-tonnage,
hydration,
hydrometer-temperature-correction,
hydrostatic-pressure,
hyperbola-calculator,
hyperbolic-function,
hyperbolic-functions,
hypergeometric-distribution,
hypersonic-flow,
iban-validator,
ibu,
ibu-homebrew,
icosahedron-volume,
idaho-income-tax,
ideal-gas-law,
ideal-weight,
ideal-weight-calculator,
iir-filter-design,
illinois-income-tax,
illinois-sales-tax,
implied-volatility,
inches-to-cm,
inches-to-picas,
income-tax-calculator,
index,
indian-tax-slabs-old-vs.-new-regime-for-fy-2025-26-calculating-your-tax-liability-deductions-under-section-80c-80d-etc.-surcharges-and-cess-faqs,
indiana-county-income-tax,
indiana-income-tax,
inflation,
influence-line,
infusion-rate,
inheritance-tax,
inhg-to-psi,
inscribed-angle-calculator,
installment-loan-calculator,
insulation-calculator,
integral,
intercept-calculator,
interest-coverage-ratio,
interest-only-loan,
intermittent-fasting,
international-fisher-effect,
internet-speed-calculator,
interplanetary-trajectory,
interval-notation,
inventory-turnover,
inverse-hyperbolic-functions,
inverse-kinematics,
inverse-laplace-transform,
inverse-square-law-sound,
invoice-factoring-calculator,
iowa-income-tax,
ip-calculator,
iqr,
ira,
iron-condor,
irr,
irrigation,
isa,
isbn-validator,
island-biogeography,
isoelectric-point,
isosceles-triangle-calculator,
isotope-abundance,
italian-pension,
iv-drip-rate,
jacobian-matrix,
japanese-pension,
jensen-s-alpha-calculator,
jewelry-making-calculator,
jitter-calculator,
joules-to-btu,
joules-to-calories,
joules-to-kwh,
journal-bearing-design,
k-map-solver,
kansas-income-tax,
kansas-local-sales-tax,
katch-mcardle,
kb-to-mb,
kbps-to-mbps,
kcal-to-kj,
kelly-criterion,
kelvin-to-celsius,
kelvin-to-fahrenheit,
kendalls-tau,
kentucky-income-tax,
kentucky-occupational-tax,
keto,
kevin-bacon,
kg-to-lbs,
kinetic-energy,
kitchen-layout-calculator,
kite-area,
kite-calculator,
kiwisaver,
km-to-miles,
knitting-calculator,
knitting-gauge,
knots-to-mph,
koppen-climate,
kpa-to-psi,
kph-to-mph,
kruskal-s-algorithm-calculator,
kruskal-wallis-test,
kw-to-hp-converter,
kw-to-kwh-calculator,
kwh-to-btu,
kwh-to-joules,
kwh-to-megajoules-converter,
land-transfer-tax,
landfill-volume,
lap-time,
laplace-transform,
latency-calculator,
lateral-earth-pressure,
law-of-cosines-calculator,
law-of-sines-calculator,
lbo-model,
lbs-to-kg,
lbs-to-stone,
lbtt,
lc-filter,
lcm,
ldl,
lead-generation-roi,
leagues-to-miles,
lean-body-mass,
leap-year-calculator,
learning-curve,
lease-vs-buy-car,
lease-vs-buy-equipment,
led-resistor,
length-contraction,
length-converter,
lensmaker-s-equation,
leveling,
levenes-test,
life-and-earth-sciences,
life-expectancy,
life-insurance-needs,
life-table,
lift-coefficient,
ligation,
light-gauge-steel-design,
light-years-to-miles,
lights-criteria,
likelihood-ratio,
limit,
limiting-reactant,
line-balancing,
line-counter,
linear-algebra,
linear-programming,
linear-regression,
linear-transformation,
link-budget,
liters-to-gallons,
littles-law,
live-load,
lmtd,
load-balancing-simulator,
loading-dose,
loan-amortization,
loan-amortization-calculator,
loan-comparison,
loan-comparison-calculator,
loan-payment-formula,
loan-payoff,
loan-prepayment,
loans-and-debt,
log,
log-reduction,
logarithm-calculator,
logistic-regression,
long-division,
long-term-capital-gains-tax,
long-term-care-cost,
lorem-ipsum-generator,
lorentz-factor,
lotka-volterra,
lottery-calculator,
lottery-odds,
lottery-tax,
louisiana-income-tax,
louisiana-local-sales-tax,
love,
ltt,
ltv,
luggage-weight-converter,
luhn-algorithm,
lumber-calculator,
lumens-to-watts,
luminosity,
lumpsum-calculator,
lye,
m-a-model-calculator,
mac-address-generator,
macd,
mach-to-mph,
maclaurin-series,
macro,
magic-number,
magnetic-declination,
magnification,
maine-income-tax,
maintenance-dose,
manitoba-tax,
mann-whitney-u-test,
manning-s-equation-calculator,
map,
margin,
margin-of-error,
marginal-tax-rate-calculator,
marine-pft,
mark-recapture,
markov-chain-simulator,
markup,
markup-calculator,
marshall-mix-design,
maryland-county-income-tax,
maryland-income-tax,
masonry-column-design,
masonry-lintel-design,
masonry-shear-wall-design,
masonry-wall-design,
massachusetts-income-tax,
mastermind-solver,
materials,
materials-estimation,
math-conversions-measurement-unit-conversions,
matrix,
matrix-calculator,
matrix-determinant,
matrix-inverse,
matrix-rank,
matrix-transpose,
maximum-demand,
mayan-calendar-converter,
mb-to-gb,
mbar-to-psi,
mccabe-thiele,
mcg-to-mg,
meal-planning-calculator,
mean-calculator,
mean-median-mode,
measurement-unit-conversions,
median-calculator,
medicare-tax,
meeting-calculator,
meeting-planner-time-zone,
meld-score,
membrane-separation,
men-s-shirt-size-converter,
men-s-shoe-size-converter,
met-minutes,
meters-per-second-to-mph,
meters-to-feet,
meters-to-nm,
meters-to-yards,
metric-tons-to-lbs,
michaelis-menten,
michigan-city-income-tax,
michigan-income-tax,
micrometers-to-millimeters,
micrometers-to-nm,
micropile-design,
midpoint-calculator,
miles-to-km,
military-time-converter,
mineral-calculator,
minnesota-income-tax,
minutes-calculator,
minutes-to-decimal-hours,
mirr,
mississippi-income-tax,
missouri-income-tax,
missouri-local-earnings-tax,
mixed-number,
ml-to-cups,
mm-to-inches,
mode-calculator,
modular-arithmetic,
modular-exponentiation,
modular-inverse,
modulo,
mohrs-circle,
mohs-hardness-scale,
molar-mass,
molarity,
molding-calculator,
molecular-formula,
molecular-weight,
moles-to-grams,
moment-of-inertia,
momentum,
montana-income-tax,
monte-carlo-simulation,
morse-code-translator,
mortar-calculator,
mortar-mix,
mortgage,
mortgage-affordability-calculator,
mortgage-affordability-methodology-guide,
mortgage-payment,
mortgage-payoff,
mortgage-points,
mortgage-refinance,
mortgages,
motor-fla,
motorcycle-loan-calculator,
moving-average,
mpg,
mph-to-feet-per-second,
mph-to-kph,
mph-to-mach,
mps-to-watts,
mulch,
mulch-calculator,
multiple-linear-regression,
mutual-fund-fee,
naive-bayes,
national-insurance,
natural-frequency,
navy-prt,
nebraska-income-tax,
nec-ampacity,
nec-box-fill,
nec-commercial-load-calculation,
nec-conduit-fill,
nec-dwelling-load-calculation,
nec-voltage-drop,
negative-gearing,
nernst-equation,
net-carbs,
net-worth,
network-calculator,
neutron-activation,
nevada-income-tax,
new-brunswick-tax,
new-hampshire-income-tax,
new-jersey-income-tax,
new-jersey-local-payroll-tax,
new-mexico-income-tax,
new-york-income-tax,
newfoundland-tax,
newsvendor-model,
newton-meters-to-foot-pounds-converter,
newton-s-method-calculator,
nfl-draft-value-chart,
nfl-passer-rating,
niche-breadth,
nihss,
nitrogen-balance,
nm to angstrom,
nm-to-angstrom,
nm-to-ft-lb,
nm-to-m,
nm-to-meters,
nm-to-micrometers,
nnh,
nnt,
nonagon-calculator,
normal-distribution,
normal-line-calculator,
north-carolina-income-tax,
north-dakota-income-tax,
nova-scotia-tax,
nps,
npv,
number-sequence,
number-theory,
number-to-words-converter,
nunavut-tax,
nwt-tax,
nyc-income-tax,
nyquist-plot,
ocean-acidification,
octagon-calculator,
octahedron-volume,
octal,
odds-calculator,
odds-ratio,
ods-calculator,
oee,
office-space,
offline,
ohio-income-tax,
ohio-local-income-tax,
ohm-s-law-calculator,
oil-change,
oklahoma-income-tax,
on-base-percentage,
on-time-delivery,
one-rep-max,
one-way-anova,
ontario-tax,
op-amp,
opioid-conversion,
ops,
options-greeks,
oregon-income-tax,
oregon-local-income-tax,
orifice-plate,
origami-calculator,
osmolal-gap,
osmolality,
ounces-to-grams,
ounces-to-tablespoons,
overtime,
overtime-calculator,
ovulation,
oxygenation-index,
p-f-ratio,
p-value,
pa-local-income-tax,
pa-to-psi,
packet-loss-calculator,
page-counter,
paint,
paint-calculator,
paint-mixing,
pallet-loading,
paper-craft-calculator,
parabola-calculator,
parallelogram-area,
parallelogram-calculator,
parking-lot-layout,
parkland-formula,
partial-fraction-decomposition,
particle-in-a-box,
party-drink,
pascals-to-bar-converter,
pascals-to-psi,
pascals-to-psi-converter,
passer-rating,
password-generator,
patronus,
pay-as-you-go-payg-withholding-explained-calculating-tax-to-be-withheld-from-salary-using-ato-tax-tables-statement-of-attainment-faqs,
payback-period,
paycheck,
payday-loan-calculator,
paye-uk,
payroll-calculator,
payroll-take-home-pay,
pb-to-tb,
pca,
pcb-trace-width,
pdcaas,
pecking-order-theory,
pediatric-blood-pressure,
pediatric-bmi,
pediatric-bsa-dosing,
pediatric-dosage,
pediatric-maintenance-fluids,
peer-to-peer-loan-calculator,
pei-tax,
peld-score,
penn-state-equation,
pennsylvania-income-tax,
pennyweight-to-grams,
pension,
pension-payout,
pentagon-calculator,
per,
percent-composition,
percent-error,
percent-error-calculator,
percent-yield,
percentage-calculator,
perfect-number,
perimeter-calculator,
period,
periodic-table,
permutation-and-combination,
permutation-calculator,
perpetuity,
personal-loan,
personal-loan-calculator,
pert,
pesticide,
pestle-analysis-generator,
pet-cost,
pet-gestation,
ph,
phone-validator,
phonetic-alphabet-translator,
photoelectric-effect,
phrf,
picometers-to-angstroms,
pig-latin-translator,
pile-capacity,
pile-group-efficiency,
ping-calculator,
pints-to-cups,
pints-to-liters,
pipe-sizing,
pirate-name-generator,
pivot-point,
pixels-to-ems,
pizza,
plagiarism-checker,
planck-s-law-calculator,
plate-bending,
plate-loading,
plate-tectonics,
playfair-cipher,
pmi,
points-to-pixels,
poise-to-pa-s,
poisson-distribution,
pokemon-iv,
poker-odds,
polar-to-cartesian,
polygon-calculator,
polygon-interior-angles,
polynomial,
ponderal-index,
pool-volume,
population-pyramid-generator,
porosity,
porters-five-forces,
portfolio-rebalancing,
portfolio-standard-deviation,
portion-size-calculator,
position-size,
potassium-calculator,
potential-energy,
pottery-calculator,
pounds-to-grams,
power,
power-consumption,
power-factor-correction,
power-supply-design,
power-to-weight-ratio,
power-unit-converter,
ppv,
precedent-transaction-analysis,
pregnancy-calculator,
pregnancy-weight-gain,
present-value,
present-value-of-annuity,
pressure,
pressure-unit-converter,
pressure-vessel-design,
prim-s-algorithm-calculator,
prime-factorization,
prime-number,
primer-tm,
priming-sugar,
priming-sugar-5-gallons,
priming-sugar-calculator,
prism-calculator,
privacy,
pro-forma-income-statement,
probability,
probability-calculator,
proctor-test,
profit-calculator,
profit-margin-calculator,
profitability-index,
project-and-renovation-cost-estimates,
project-deadline-calculator,
project-roi,
property-tax,
proportion-calculator,
protein,
protein-calculator,
protein-intake-calculator,
psi-to-atm,
psi-to-bar,
psi-to-kpa,
psi-to-pa,
psi-to-pascals,
psychrometric-chart,
pt-slab-design,
pulley-speed,
pump-power,
pump-sizing,
punching-shear,
punnett-square,
purchasing-power-parity,
push-up-test,
put-call-parity,
pyramid-calculator,
pyramid-volume,
pythagorean-theorem,
q-q-plot-generator,
q-value,
qr-code-generator,
qr-decomposition,
qsofa,
qtc,
quadratic-formula,
quantum-tunneling,
quarter-mile,
quarter-mile-calculator,
quarterly-tax-calculator,
quartile,
quarts-to-cups,
quarts-to-liters,
quaternion,
quebec-tax,
queuing-theory,
quick-ratio,
quilting-calculator,
r-squared,
r-value,
race-time-predictor,
rad-to-gray,
radians-to-degrees,
radiation-shielding,
radioactive-decay,
rafter,
rail-fence-cipher,
random-fact-generator,
random-number-generator,
range-calculator,
rankine-cycle,
rankine-to-celsius,
ranson-s-criteria-calculator,
raoult-s-law-calculator,
ratio,
rational-method,
rc-filter,
reactance,
reaction-time-test,
reactor-design,
reading-time-calculator,
real-estate-development,
real-estate-irr,
real-options-valuation,
rebar-calculator,
rebar-weight,
receivables-turnover,
recipe-nutrition-calculator,
recipe-scaler,
rectangle-area-calculator,
rectangular-prism-volume,
recycling-savings,
redshift,
refinance-calculator,
regex-tester,
regression-calculator,
regular-ngon-calculator,
regular-polygon-area,
regular-polygon-calculator,
relative-risk,
relativistic-kinetic-energy,
relativistic-mass,
relativistic-velocity-addition,
rem-to-sievert,
remainder,
rems-to-pixels,
rent-vs-buy,
reorder-point,
resistor-color-code,
resp,
rest-timer,
restriction-enzyme-digest,
retaining-wall-design,
retaining-wall-stability,
retirement,
return-on-assets,
return-on-equity,
reverberation-time,
reverse-mortgage,
reverse-sales-tax,
reynolds-number,
rfm,
rgb-converter,
rhode-island-income-tax,
rhombus-area,
rhombus-calculator,
right-triangle,
right-triangle-calculator,
ring-size-converter,
risk-assessment-matrix,
river-discharge,
rmd,
roas,
rock-paper-scissors-simulator,
rocket-engine-performance,
rocket-equation,
rockport-walk-test,
rockwell-hardness-converter,
rods-to-feet,
roi,
roman-numeral-converter,
roman-units-converter,
rood-to-acres,
roof-pitch,
roofing,
roofing-calculator,
room-layout-calculator,
room-mode,
root,
root-locus,
roots-calculator,
rot13,
roth-conversion,
roth-ira,
roulette-odds,
rounding,
rqd,
rrsp,
rsa,
rsi,
rsvp,
rule-of-72,
runge-kutta,
running-pace,
running-time-predictor,
rv-loan-calculator,
safety-stock,
saffir-simpson-scale,
sag-and-tension,
salary-increase,
salary-sacrifice,
salary-to-hourly-calculator,
sales-funnel,
sales-tax,
sales-tax-calculator,
sample-size,
sand,
sand-calculator,
saskatchewan-tax,
satellite-orbit,
save-percentage,
savings,
sba-loan-calculator,
scaffolding-load,
scale-conversion,
scalene-triangle-calculator,
schedule-calculator,
schofield-equation,
schwarzschild-radius,
scientific,
scientific-calculator,
scientific-notation,
scotland-tax,
scrapbooking-calculator,
scruples-to-grams,
seach,
sealant-calculator,
search,
secant-line-calculator,
seconds-calculator,
section-179,
sector-area-calculator,
secured-loan-calculator,
segment-calculator,
seismic-wave-travel-time,
self-directed-ira-real-estate,
self-employment-tax,
self-employment-tax-calculator,
semaphore-translator,
sensitivity-and-specificity,
seo-roi,
sequence-calculator,
serial-dilution,
series-and-sequences,
series-calculator,
series-parallel-resistor,
set-operations,
set-theory,
sewing-calculator,
sewing-yardage,
shaft-design,
shannon-diversity-index,
sharpe-ratio,
sheathing-calculator,
shift-calculator,
short-circuit-current,
short-term-capital-gains-tax,
side-hustle,
siding,
siding-calculator,
significant-figures,
simple-harmonic-motion,
simple-interest,
simple-loan,
simple-loan-calculator,
simpson-s-rule-calculator,
simpsons-diversity-index,
single-slit-diffraction,
sip-calculator,
sipp,
sit-up-test,
six-sigma,
skewness-and-kurtosis,
skin-effect,
skins-game,
slope,
slope-stability,
slot-machine-payout,
slug-to-kg,
slugging-percentage,
slugs-to-kg,
smith-chart,
smoking-cost,
snell-s-law-calculator,
social-security,
social-security-break-even,
social-security-tax,
sodium-calculator,
sofa-score,
sohcahtoa,
soil-calculator,
soil-nail-design,
soil-salinity,
soil-texture-triangle,
solar-panel-output,
solar-position,
solid-geometry-calculator,
solidarity-surcharge,
sortino-ratio,
sound-intensity-level,
sound-transmission-loss,
south-carolina-income-tax,
south-dakota-income-tax,
space-planning-calculator,
spacecraft-trajectory-planner,
spacetime-interval,
spanish-pension,
spearmans-rank-correlation,
speed-converter,
speed-distance-time,
speeds-and-feeds,
sphere-calculator,
sphere-volume-calculator,
spherical-to-cartesian,
spirit-animal,
split-bill-calculator,
sports-timer,
spring-rate,
sq-in-to-sq-ft,
sq-yd-to-sq-ft,
square-calculator,
square-feet-to-acres,
square-feet-to-square-meters,
square-meters-to-square-feet,
square-miles-to-square-kilometers,
square-root-calculator,
srm,
ssn-validator,
stableford,
stair,
stairs-calculator,
standard-atmosphere,
standard-deviation,
standard-error,
standard-form,
startup-costs,
state-space-to-transfer-function,
statin-intensity,
statistical-power,
statistics,
steel-base-plate-design,
steel-grating,
steel-joist,
steel-joist-design,
stellar-evolution,
stem-and-leaf-plot,
steps-to-miles,
stock,
stoichiometry,
stone-calculator,
stone-to-lbs,
stopwatch-calculator,
straddle,
stream-discharge,
strength-training-calculator,
stress-and-strain,
stress-intensity-factor,
strike-water-temperature,
strike-water-temperature-calculator,
structural,
student-loan,
student-loan-calculator,
student-loan-payoff,
subnet,
subnet-calculator,
substitution-cipher-solver,
sudoku-solver,
sugar-calculator,
sugar-intake-calculator,
superannuation,
superhero-name-generator,
surface-area,
surface-area-calculator,
sustainable-growth-rate,
svd,
swimming-pace,
swolf-score,
swot-analysis-generator,
synergy-value,
synthetic-division,
system-of-equations,
t-bill-yield,
t-test,
tablespoons-to-cups,
tablespoons-to-teaspoons,
takt-time,
tangent-line-calculator,
target-heart-rate,
tax-bracket-calculator,
tax-refund-calculator,
tax-withholding-calculator,
taxable-vs-tax-advantaged,
taylor-series,
tbsp-to-ml,
tdee,
teaspoons-to-tablespoons,
template-calc,
template-cat,
template-home,
template-subcat,
tennessee-income-tax,
tennis-elo-rating,
terms,
test-score,
test-search,
tetrahedron-volume,
texas-income-tax,
texas-sales-tax,
text-counter,
tfsa,
the-goods-and-services-tax-gst-in-australia-calculating-the-10-gst-adding-or-removing-gst-from-a-price-gst-free-sales-faqs,
theis-equation,
thermal-stress,
therms-to-btu,
thin-film-interference,
thin-lens-equation,
three-phase-power,
tide-prediction,
tile,
tile-calculator,
tilt-up-wall-design,
time-calculator,
time-difference-calculator,
time-dilation,
time-duration-calculator,
time-of-concentration,
time-to-decimal,
time-travel,
time-zone-calculator,
time-zone-converter,
timer-calculator,
timi-risk-score,
tip,
tipping,
tire-pressure-calculator,
tire-size,
title-loan-calculator,
titration-curve,
tons-to-lbs,
topsoil,
torque,
torque-to-hp-calculator,
torque-unit-converter,
torr-to-pa,
torus-volume,
total-asset-turnover,
tower-crane-foundation,
township-to-square-miles,
trading-tools,
traditional-ira-calculator,
traffic-signal-timing,
training-roi,
transformer-ocpd,
transmission-line,
trapezoid-area,
trapezoid-calculator,
trapezoidal-rule,
travel-budget,
travel-time,
traveling-salesman-problem,
traverse,
treadmill-pace,
treynor-ratio,
triangle-calculator,
triangular-prism-volume,
trig-identity,
trim-calculator,
trip-cost-calculator,
trophic-state-index,
troy-ounces-to-grams,
true-shooting-percentage,
truth-table-generator,
tsp-to-ml,
turkey-size,
tv-size-viewing-distance,
two-way-anova,
typing-speed-calculator,
typography-converter,
uk-and-europe-taxes,
uk-tax,
uml-diagram-generator,
uncertainty-principle,
underlayment-calculator,
unit-circle,
unit-converter,
universal-currency-converter,
unsecured-loan-calculator,
upload-time-calculator,
url-encoder-decoder,
url-validator,
us-federal-taxes,
us-state-and-local-taxes,
us-state-taxes,
usle,
utah-income-tax,
utm-coordinate-converter,
va-loan,
valence-electrons,
value-at-risk,
van-t-hoff-factor-calculator,
vapor-barrier-calculator,
variance-calculator,
vat,
vat-uk,
vector,
venn-diagram-generator,
vermont-income-tax,
vertex-calculator,
vertical-curve,
vertical-jump,
vigenere-cipher,
virginia-income-tax,
viscosity-converter,
vitamin-calculator,
vle,
vo2-max,
voltage-divider,
volts-to-watts,
volume,
volume-converter,
w4-withholding,
wacc,
waist-to-hip-ratio,
waist-to-hip-ratio-calculator,
wales-tax,
wall-framing,
wallpaper,
walter-model-dividend,
war,
wash-sale-rule,
washington-income-tax,
washington-local-sales-tax,
water-cement-ratio,
water-footprint,
water-intake,
water-intake-calculator,
watts-to-amps,
watts-to-btu,
watts-to-horsepower-converter,
watts-to-hp,
watts-to-va,
wbgt,
wedding-budget,
wedding-flower,
wedding-seating-chart,
week-number,
week-number-calculator,
weibull-distribution,
weight-and-balance,
weight-and-mass,
weight-converter,
weight-gain-calculator,
weight-loss-calculator,
weighted-average,
welded-connection,
welding-cost,
wells-criteria,
west-virginia-income-tax,
what-are-franking-credits-imputation-credits-calculating-the-gross-up-and-tax-offset-from-franked-dividends-for-australian-shareholders-faqs,
what-is-epf-projecting-your-epf-balance-at-retirement-employee-and-employer-contributions-interest-rates-and-withdrawals-faqs,
what-is-fringe-benefits-tax-calculating-fbt-on-a-company-car-using-the-statutory-formula-or-operating-cost-method-fbt-rates-and-thresholds-faqs,
what-is-gratuity-calculating-the-gratuity-amount-payable-to-an-employee-based-on-last-drawn-salary-and-years-of-service-for-employees-covered-under-the-gratuity-act-faqs,
what-is-ppf-calculating-maturity-amount-and-interest-on-a-ppf-account-contribution-limits-and-loan-facility-a-popular-tax-saving-investment-faqs,
what-is-stamp-duty,
what-is-superannuation-calculating-your-super-guarantee-sg-contributions-projecting-your-super-balance-at-retirement-investment-options-faqs,
what-is-the-medicare-levy-surcharge-calculating-the-surcharge-for-high-income-earners-without-private-health-insurance-income-thresholds-faqs,
what-is-the-nps-projecting-your-pension-wealth-and-annuity-from-nps-contributions-tier-i-and-tier-ii-accounts-tax-benefits-of-nps-faqs,
wheatstone-bridge,
when-will-i-be-a-millionaire,
whip,
wilcoxon-signed-rank-test,
wilks-score,
wind-chill,
wind-turbine-foundation,
wind-turbine-power,
winters-formula,
wire-mesh-calculator,
wisconsin-income-tax,
women-s-dress-size-converter,
women-s-shoe-size-converter,
wood-beam-design,
wood-bolt-design,
wood-column-design,
wood-diaphragm,
wood-nail-design,
wood-shear-wall,
woodworking-calculator,
word-counter,
wordle-solver,
words-to-numbers-converter,
work,
workdays-calculator,
working-hours-calculator,
workout-calculator,
world-clock-calculator,
wpm-calculator,
ww-points,
wyoming-income-tax,
yards-to-meters,
yarn,
yeast-pitch-rate,
yeast-starter,
yield-on-cost,
ymca-step-test,
yukon-tax,
z-score,
ziegler-nichols,
zombie-apocalypse,
zs,
construction,categories
construction-diy,categories
coordinate-converters,categories
engineering,categories
finance,categories
health-fitness,categories
lifestyle-everyday,categories
math,categories
math-conversions,categories
science,categories
automotive,subcategories
biology,subcategories
business-small-biz,subcategories
calorie,subcategories
chemistry,subcategories
construction-advanced-construction-calculators,subcategories
construction-concrete-mix-design-and-quality,subcategories
construction-concrete-quantities-and-masonry,subcategories
construction-cost-estimator,subcategories
construction-diy-materials-estimation,subcategories
construction-diy-project-layout-design,subcategories
construction-framing-and-carpentry,subcategories
construction-interiors-envelope-and-finishes,subcategories
construction-planning-and-estimating,subcategories
construction-roofing,subcategories
construction-sitework-aggregates-and-asphalt,subcategories
construction-structural-and-reinforcement,subcategories
core-math-algebra,subcategories
diet-nutrition,subcategories
electrical,subcategories
engineering-eurocode-0,subcategories
engineering-eurocode-1,subcategories
engineering-eurocode-2,subcategories
engineering-eurocode-3,subcategories
engineering-eurocode-4,subcategories
engineering-eurocode-5,subcategories
engineering-eurocode-6,subcategories
engineering-eurocode-7,subcategories
engineering-eurocode-8,subcategories
engineering-eurocode-9,subcategories
engineering-mechanical,subcategories
finance-business-ratios-and-valuation,subcategories
finance-canada-taxes,subcategories
finance-company-planning-and-statements,subcategories
finance-income-and-payroll,subcategories
finance-international-personal,subcategories
finance-investing-and-growth,subcategories
finance-investment,subcategories
finance-loans-and-debt,subcategories
finance-loans-debt,subcategories
finance-mortgage-real-estate,subcategories
finance-mortgages-and-home,subcategories
finance-personal-loans,subcategories
finance-real-estate-investing,subcategories
finance-retirement,subcategories
finance-retirement-and-pensions,subcategories
finance-stocks-options-and-trading,subcategories
finance-uk-and-europe-taxes,subcategories
finance-us-state-and-local-taxes,subcategories
fitness,subcategories
geometry,subcategories
geometry-area-and-perimeter-formulas,subcategories
health-fitness-diet-nutrition,subcategories
health-fitness-fitness,subcategories
health-fitness-health-metrics,subcategories
health-metrics,subcategories
hobbies,subcategories
loans-debt,subcategories
math-conversions-core-math-algebra,subcategories
math-conversions-geometry,subcategories
math-conversions-measurement-unit-conversions,subcategories
mechanical-engineering,subcategories
miscellaneous,subcategories
mortgage-real-estate,subcategories
physics,subcategories
project-layout-design,subcategories
structural-engineering,subcategories
taxes,subcategories
time-date,subcategories
