||__title,||__url
Nautical Miles to Kilometers Converter,/nautical-miles-to-km
Inches to Yards Converter,/inches-to-yards
Fathoms to Meters Converter,/fathoms-to-meters
Furlongs to Meters Converter,/furlongs-to-meters
Light Years to Meters Converter,/light-years-to-meters
Parsecs to Light Years Converter,/parsecs-to-light-years
Astronomical Units to Kilometers Converter,/astronomical-unit-to-km
Square Centimeters to Square Meters Converter,/square-centimeters-to-square-meters
Square Meters to Hectares Converter,/square-meters-to-hectares
Square Kilometers to Square Miles Converter,/square-kilometers-to-square-miles
Square Inches to Square Centimeters Converter,/square-inches-to-square-centimeters
Square Miles to Acres Converter,/square-miles-to-acres
Ares to Square Meters Converter,/ares-to-square-meters
Liters to Cups Converter,/liters-to-cups
Liters to Imperial Gallons Converter,/liters-to-imperial-gallons
Cubic Meters to Cubic Feet Converter,/cubic-meters-to-cubic-feet
Milliliters to Cups Converter,/ml-to-cups
Pints to Milliliters Converter,/pints-to-ml
Fluid Ounces to Liters Converter,/fl-oz-to-liters
Imperial Pints to Liters Converter,/imperial-pints-to-liters
Tonnes to Kilograms Converter,/tonnes-to-kg
Ounces to Pounds Converter,/ounces-to-pounds
Atomic Mass Unit to Grams Converter,/amu-to-grams
Kilograms to Ounces Converter,/kg-to-oz
Short Tons to Metric Tons Converter,/short-tons-to-metric-tons
Feet per Second to Meters per Second Converter,/feet-per-second-to-meters-per-second
Mach to Kilometers per Hour Converter,/mach-to-kph
Speed of Light to Meters per Second Converter,/speed-of-light-to-meters-per-second
Pace Converter (min/km to min/mile),/pace-converter
Kilowatts to Horsepower Converter,/kw-to-hp
Kilowatts to Metric Horsepower Converter,/kw-to-metric-hp
Watts to Kilocalories per Hour Converter,/watts-to-kcal-per-hour
Joules per Second to Watts Converter,/joules-per-second-to-watts
Foot-Pounds per Second to Watts Converter,/foot-pounds-per-second-to-watts
Horsepower to BTU per Hour Converter,/hp-to-btu-hr
BTU per Second to Watts Converter,/btu-per-second-to-watts
Refrigeration Tons to BTU per Hour Converter,/refrigeration-tons-to-btu-per-hour
Joules to Kilocalories Converter,/joules-to-kilocalories
Therms to kWh Converter,/therms-to-kwh
Megawatt Hours to Kilowatt Hours Converter,/mwh-to-kwh
Tons of TNT to Joules Converter,/tons-of-tnt-to-joules
Horsepower Hours to Joules Converter,/horsepower-hours-to-joules
PSI to Kilopascals Converter,/psi-to-kpa
PSI to Atmospheres Converter,/psi-to-atm
Bar to Pascal Converter,/bar-to-pascal
Millimeters of Mercury to Pascals Converter,/mmhg-to-pascal
Inches of Mercury to Hectopascals Converter,/inhg-to-hpa
Atmospheres to Kilopascals Converter,/atm-to-kpa
Torr to Millimeters of Mercury Converter,/torr-to-mmhg
PSI to Kilograms per Square Centimeter Converter,/psi-to-kg-cm2
Bar to Kilograms per Square Centimeter Converter,/bar-to-kg-cm2
Kilograms per Cubic Meter to Grams per Cubic Centimeter Converter,/kg-m3-to-g-cm3
Pounds per Cubic Foot to Kilograms per Cubic Meter Converter,/lb-ft3-to-kg-m3
Grams per Liter to Milligrams per Milliliter Converter,/g-l-to-mg-ml
Slugs per Cubic Foot to Kilograms per Cubic Meter Converter,/slug-ft3-to-kg-m3
Pounds per Gallon to Kilograms per Cubic Meter Converter,/lb-gal-to-kg-m3
Liters per 100km to Miles per Gallon (US) Converter,/l-per-100km-to-mpg-us
Liters per 100km to Miles per Gallon (UK) Converter,/l-per-100km-to-mpg-uk
Kilometers per Liter to Miles per Gallon Converter,/km-per-liter-to-mpg
Miles per Liter to Kilometers per Liter Converter,/miles-per-liter-to-km-per-liter
Gallons per 100 Miles to MPG Converter,/gallons-per-100-miles-to-mpg
Liters per 100km to Kilometers per Liter Converter,/l-per-100km-to-km-per-liter
Kilogram-Force Meter to Newton-Meter Converter,/kgf-m-to-nm
Ounce-Force Inch to Newton-Meter Converter,/ozf-in-to-nm
Hertz to Radians per Second Converter,/hz-to-rad-per-second
Hertz to Megahertz Converter,/hz-to-mhz
Hertz to Kilohertz Converter,/hz-to-khz
RPM to Hertz Converter,/rpm-to-hz
RPM to Radians per Second Converter,/rpm-to-rad-per-second
Liters per Minute to Cubic Meters per Hour Converter,/liters-per-minute-to-cubic-meters-per-hour
Gallons per Minute to Liters per Minute Converter,/gpm-to-lpm
Cubic Feet per Minute to Cubic Meters per Hour Converter,/cfm-to-cubic-meters-per-hour
Cubic Meters per Second to Liters per Second Converter,/cubic-meters-per-second-to-liters-per-second
Gallons per Hour to Liters per Hour Converter,/gph-to-lph
Pascal-Second to Poise Converter,/pa-s-to-poise
Pascal-Second to Centipoise Converter,/pa-s-to-centipoise
Centistokes to Square Millimeters per Second Converter,/centistokes-to-mm2-per-second
Centipoise to Pascal-Second Converter,/centipoise-to-pa-s
Gray to Rad Converter,/gray-to-rad
Sievert to Rem Converter,/sievert-to-rem
Rem to Millisievert Converter,/rem-to-millisievert
Microcurie to Becquerel Converter,/microcurie-to-becquerel
