slug,bundle,status,notes
1031-exchange,,SKIP,"Already has sources[]"
15-vs-30-year-mortgage,,SKIP,"Already has sources[]"
2d-frame-analysis,,SKIP,"Already has sources[]"
401k-vs-roth-401k,,SKIP,"Already has sources[]"
401k,,SKIP,"Already has sources[]"
5-whys,,SKIP,"Already has sources[]"
50-30-20-budget,,SKIP,"Already has sources[]"
529-plan,,SKIP,"Already has sources[]"
529-vs-utma,,SKIP,"Already has sources[]"
555-timer,,SKIP,"Already has sources[]"
70-rule,,SKIP,"Already has sources[]"
72t,,SKIP,"Already has sources[]"
a-a-gradient,,SKIP,"Already has sources[]"
a-b-test-significance,,SKIP,"Already has sources[]"
a-search-calculator,,SKIP,"Already has sources[]"
aashto-1993-pavement-design,,SKIP,"Already has sources[]"
abi,,SKIP,"Already has sources[]"
about,,SKIP,"Already has sources[]"
absenteeism-rate,,SKIP,"Already has sources[]"
absi,,SKIP,"Already has sources[]"
abv,,SKIP,"Already has sources[]"
acceleration,,SKIP,"Already has sources[]"
accessibility,,SKIP,"Already has sources[]"
aci-concrete-mix-design,,SKIP,"Already has sources[]"
acre-feet-to-gallons,,SKIP,"Already has sources[]"
acres-to-square-feet,,SKIP,"Already has sources[]"
added-sugar,,SKIP,"Already has sources[]"
adhesive-calculator,,SKIP,"Already has sources[]"
adiabatic-equation,,SKIP,"Already has sources[]"
adjacency-list,,SKIP,"Already has sources[]"
adjacency-matrix,,SKIP,"Already has sources[]"
adsorption-isotherm,,SKIP,"Already has sources[]"
affine-cipher,,SKIP,"Already has sources[]"
age-calculator,,SKIP,"Already has sources[]"
age-grade-running,,SKIP,"Already has sources[]"
age,,SKIP,"Already has sources[]"
agency-cost,,SKIP,"Already has sources[]"
aggregate-gradation,,SKIP,"Already has sources[]"
agile-velocity,,SKIP,"Already has sources[]"
ahp,,SKIP,"Already has sources[]"
air-force-pft,,SKIP,"Already has sources[]"
airbnb,,SKIP,"Already has sources[]"
aircraft-performance,,SKIP,"Already has sources[]"
aircraft-range,,SKIP,"Already has sources[]"
airfoil,,SKIP,"Already has sources[]"
aisc-bolted-connection,,SKIP,"Already has sources[]"
aisc-steel-beam-design,,SKIP,"Already has sources[]"
aisc-steel-column-design,,SKIP,"Already has sources[]"
aisc-welded-connection,,SKIP,"Already has sources[]"
alabama-income-tax,,SKIP,"Already has sources[]"
alabama-local-sales-tax,,SKIP,"Already has sources[]"
alaska-income-tax,,SKIP,"Already has sources[]"
alberta-tax,,SKIP,"Already has sources[]"
alcohol-calorie,,SKIP,"Already has sources[]"
algebra-calculator,,SKIP,"Already has sources[]"
alimony,,SKIP,"Already has sources[]"
allele-frequency,,SKIP,"Already has sources[]"
altman-z-score,,SKIP,"Already has sources[]"
amps-to-watts,,SKIP,"Already has sources[]"
amt,,SKIP,"Already has sources[]"
anagram-solver,,SKIP,"Already has sources[]"
angle-calculator,,SKIP,"Already has sources[]"
angle-converter,,SKIP,"Already has sources[]"
angstrom-to-nm,,SKIP,"Already has sources[]"
anion-gap,,SKIP,"Already has sources[]"
annuity-present-value,,SKIP,"Already has sources[]"
annuity,,SKIP,"Already has sources[]"
annulus-area,,SKIP,"Already has sources[]"
ansoff-matrix,,SKIP,"Already has sources[]"
antenna-design,,SKIP,"Already has sources[]"
apache-ii-score,,SKIP,"Already has sources[]"
apft-score,,SKIP,"Already has sources[]"
apgar-score,,SKIP,"Already has sources[]"
api-latency,,SKIP,"Already has sources[]"
apm-test,,SKIP,"Already has sources[]"
apparent-absolute-magnitude,,SKIP,"Already has sources[]"
appointment-calculator,,SKIP,"Already has sources[]"
apr,,SKIP,"Already has sources[]"
aqi,,SKIP,"Already has sources[]"
aquarium-stocking,,SKIP,"Already has sources[]"
arc-length-calculator,,SKIP,"Already has sources[]"
area-converter,,SKIP,"Already has sources[]"
area,,SKIP,"Already has sources[]"
arithmetic-sequence,,SKIP,"Already has sources[]"
arizona-income-tax,,SKIP,"Already has sources[]"
arkansas-income-tax,,SKIP,"Already has sources[]"
arm,,SKIP,"Already has sources[]"
arrhenius-equation,,SKIP,"Already has sources[]"
asce-7-16-seismic,,SKIP,"Already has sources[]"
asce-7-16-wind-load,,SKIP,"Already has sources[]"
asce-7-22-components-and-cladding,,SKIP,"Already has sources[]"
asce-7-22-seismic-design,,SKIP,"Already has sources[]"
asce-7-22-snow-load,,SKIP,"Already has sources[]"
asce-7-22-tornado-load,,SKIP,"Already has sources[]"
asce-7-22-wind-load,,SKIP,"Already has sources[]"
asce-7-load-combinations,,SKIP,"Already has sources[]"
asphalt,,SKIP,"Already has sources[]"
asset-allocation,,SKIP,"Already has sources[]"
atbash-cipher,,SKIP,"Already has sources[]"
atm-to-psi,,SKIP,"Already has sources[]"
atmospheres-to-kpa-converter,,SKIP,"Already has sources[]"
atmospheres-to-psi-converter,,SKIP,"Already has sources[]"
atterberg-limits,,SKIP,"Already has sources[]"
australian-tax-brackets-and-rates-for-residents-2025-26-medicare-levy-and-surcharge-low-income-tax-offset-calculating-your-tax-payable-faqs,,SKIP,"Already has sources[]"
author,,SKIP,"Already has sources[]"
auto-insurance-calculator,,SKIP,"Already has sources[]"
auto-lease-calculator,,SKIP,"Already has sources[]"
auto-lease,,SKIP,"Already has sources[]"
auto-loan-calculator,,SKIP,"Already has sources[]"
auto-loan,,SKIP,"Already has sources[]"
average-down,,SKIP,"Already has sources[]"
awg-to-mm,,SKIP,"Already has sources[]"
axis-of-symmetry-calculator,,SKIP,"Already has sources[]"
azimuth-bearing-converter,,SKIP,"Already has sources[]"
bac,,SKIP,"Already has sources[]"
baconian-cipher,,SKIP,"Already has sources[]"
bacterial-growth-curve,,SKIP,"Already has sources[]"
bai,,SKIP,"Already has sources[]"
balloon-loan,,SKIP,"Already has sources[]"
balloon-payment-calculator,,SKIP,"Already has sources[]"
bandwidth-calculator,,SKIP,"Already has sources[]"
bar-to-psi,,SKIP,"Already has sources[]"
barcode-generator,,SKIP,"Already has sources[]"
barns-to-square-meters,,SKIP,"Already has sources[]"
barrels-to-gallons,,SKIP,"Already has sources[]"
base-converter,,SKIP,"Already has sources[]"
basic-arithmetic,,SKIP,"Already has sources[]"
batch-reactor-design,,SKIP,"Already has sources[]"
bathroom-layout-calculator,,SKIP,"Already has sources[]"
batting-average,,SKIP,"Already has sources[]"
bayes-theorem,,SKIP,"Already has sources[]"
bayesian-inference,,SKIP,"Already has sources[]"
bayesian-network,,SKIP,"Already has sources[]"
bc-tax,,SKIP,"Already has sources[]"
bcg-matrix,,SKIP,"Already has sources[]"
beam-deflection,,SKIP,"Already has sources[]"
bearing-capacity,,SKIP,"Already has sources[]"
bearing-life,,SKIP,"Already has sources[]"
bearing,,SKIP,"Already has sources[]"
beaufort-scale,,SKIP,"Already has sources[]"
beer-bottling,,SKIP,"Already has sources[]"
beer-lambert-law,,SKIP,"Already has sources[]"
belt-drive-design,,SKIP,"Already has sources[]"
benzodiazepine-conversion,,SKIP,"Already has sources[]"
bernoulli-equation,,SKIP,"Already has sources[]"
beta,,SKIP,"Already has sources[]"
bfs,,SKIP,"Already has sources[]"
biblical-units-converter,,SKIP,"Already has sources[]"
big-number,,SKIP,"Already has sources[]"
big-o,,SKIP,"Already has sources[]"
bike-cadence,,SKIP,"Already has sources[]"
bike-gear,,SKIP,"Already has sources[]"
bike-size,,SKIP,"Already has sources[]"
bilirubin,,SKIP,"Already has sources[]"
billiards-angle,,SKIP,"Already has sources[]"
binary,,SKIP,"Already has sources[]"
binding-energy,,SKIP,"Already has sources[]"
binomial-distribution,,SKIP,"Already has sources[]"
binomial-option-pricing,,SKIP,"Already has sources[]"
bioreactor-design,,SKIP,"Already has sources[]"
biorhythm,,SKIP,"Already has sources[]"
birthday,,SKIP,"Already has sources[]"
bisection-method,,SKIP,"Already has sources[]"
bishop-score,,SKIP,"Already has sources[]"
bits-to-bytes,,SKIP,"Already has sources[]"
biweekly-mortgage,,SKIP,"Already has sources[]"
black-scholes,,SKIP,"Already has sources[]"
blackjack-strategy,,SKIP,"Already has sources[]"
blasting-vibration,,SKIP,"Already has sources[]"
block-calculator,,SKIP,"Already has sources[]"
block-wall,,SKIP,"Already has sources[]"
blog,,SKIP,"Already has sources[]"
blood-pressure-calculator,,SKIP,"Already has sources[]"
bmi-calculator,,SKIP,"Already has sources[]"
bmi-prime,,SKIP,"Already has sources[]"
bmr,,SKIP,"Already has sources[]"
board-foot,,SKIP,"Already has sources[]"
board-game-score,,SKIP,"Already has sources[]"
boat-loan-calculator,,SKIP,"Already has sources[]"
bod,,SKIP,"Already has sources[]"
bode-plot,,SKIP,"Already has sources[]"
body-fat,,SKIP,"Already has sources[]"
body-shape,,SKIP,"Already has sources[]"
bodybuilding-macro,,SKIP,"Already has sources[]"
bohr-model,,SKIP,"Already has sources[]"
bollinger-bands,,SKIP,"Already has sources[]"
bolt-torque,,SKIP,"Already has sources[]"
bond-ladder,,SKIP,"Already has sources[]"
bond-yield,,SKIP,"Already has sources[]"
bonus-gross-up-calculator,,SKIP,"Already has sources[]"
boolean-algebra,,SKIP,"Already has sources[]"
born-haber-cycle,,SKIP,"Already has sources[]"
bowling-score,,SKIP,"Already has sources[]"
box-and-whisker-plot,,SKIP,"Already has sources[]"
bpd-to-gpm,,SKIP,"Already has sources[]"
bra-size-converter,,SKIP,"Already has sources[]"
bradford-factor,,SKIP,"Already has sources[]"
braille-translator,,SKIP,"Already has sources[]"
break-even-analysis,,SKIP,"Already has sources[]"
break-even-calculator,,SKIP,"Already has sources[]"
brewster-s-angle-calculator,,SKIP,"Already has sources[]"
brick-calculator,,SKIP,"Already has sources[]"
bridge-load-rating,,SKIP,"Already has sources[]"
bridge-loan-calculator,,SKIP,"Already has sources[]"
brrrr,,SKIP,"Already has sources[]"
bs-7671-cable-sizing,,SKIP,"Already has sources[]"
bs-7671-voltage-drop,,SKIP,"Already has sources[]"
bsa-calculator,,SKIP,"Already has sources[]"
bsa-dosing,,SKIP,"Already has sources[]"
bsa,,SKIP,"Already has sources[]"
btu-to-calories,,SKIP,"Already has sources[]"
btu-to-joules-converter,,SKIP,"Already has sources[]"
btu-to-joules,,SKIP,"Already has sources[]"
btu-to-kwh,,SKIP,"Already has sources[]"
btu-to-watts,,SKIP,"Already has sources[]"
buckling-load,,SKIP,"Already has sources[]"
building-energy,,SKIP,"Already has sources[]"
bullwhip-effect,,SKIP,"Already has sources[]"
bushels-to-liters,,SKIP,"Already has sources[]"
business-days-calculator,,SKIP,"Already has sources[]"
business-finance-and-ratios,,SKIP,"Already has sources[]"
business-loan-calculator,,SKIP,"Already has sources[]"
business-loan,,SKIP,"Already has sources[]"
business-mileage,,SKIP,"Already has sources[]"
business-operations,,SKIP,"Already has sources[]"
business-valuation-calculator,,SKIP,"Already has sources[]"
business-valuation,,SKIP,"Already has sources[]"
cac,,SKIP,"Already has sources[]"
caching-strategy,,SKIP,"Already has sources[]"
caesar-cipher,,SKIP,"Already has sources[]"
cake-pan-converter,,SKIP,"Already has sources[]"
calculating-your-net-salary-from-ctc-cost-to-company-deductions-pf-esi-professional-tax-tds-understanding-your-payslip-faqs,,SKIP,"Already has sources[]"
calculus,,SKIP,"Already has sources[]"
calendar-calculator,,SKIP,"Already has sources[]"
calibration-curve,,SKIP,"Already has sources[]"
california-income-tax,,SKIP,"Already has sources[]"
california-sales-tax,,SKIP,"Already has sources[]"
calorie-deficit-calculator,,SKIP,"Already has sources[]"
calorie-to-btu,,SKIP,"Already has sources[]"
calorie,,SKIP,"Already has sources[]"
calories-burned,,SKIP,"Already has sources[]"
calories-to-joules,,SKIP,"Already has sources[]"
cam-design,,SKIP,"Already has sources[]"
canada-income-tax,,SKIP,"Already has sources[]"
canada-payroll,,SKIP,"Already has sources[]"
canada-taxes,,SKIP,"Already has sources[]"
canadian-mortgage,,SKIP,"Already has sources[]"
candle-making,,SKIP,"Already has sources[]"
cap-rate,,SKIP,"Already has sources[]"
cap-theorem,,SKIP,"Already has sources[]"
capital-gains-harvesting,,SKIP,"Already has sources[]"
capital-gains-tax-uk,,SKIP,"Already has sources[]"
capital-gains-tax,,SKIP,"Already has sources[]"
capital-structure-optimization,,SKIP,"Already has sources[]"
capm,,SKIP,"Already has sources[]"
car-depreciation,,SKIP,"Already has sources[]"
car-insurance,,SKIP,"Already has sources[]"
car-lease-calculator,,SKIP,"Already has sources[]"
car-payment-calculator,,SKIP,"Already has sources[]"
carat-to-grams,,SKIP,"Already has sources[]"
carb-calculator,,SKIP,"Already has sources[]"
carbohydrate,,SKIP,"Already has sources[]"
carbon-dating,,SKIP,"Already has sources[]"
carbon-footprint,,SKIP,"Already has sources[]"
card-making-calculator,,SKIP,"Already has sources[]"
cardio-calculator,,SKIP,"Already has sources[]"
cartesian-to-cylindrical,,SKIP,"Already has sources[]"
cartesian-to-polar,,SKIP,"Already has sources[]"
cartesian-to-spherical,,SKIP,"Already has sources[]"
cash-conversion-cycle,,SKIP,"Already has sources[]"
cash-flow-projection-calculator,,SKIP,"Already has sources[]"
cash-flow-statement,,SKIP,"Already has sources[]"
cash-on-cash-return,,SKIP,"Already has sources[]"
cash-ratio,,SKIP,"Already has sources[]"
cash-secured-put,,SKIP,"Already has sources[]"
cat-age,,SKIP,"Already has sources[]"
cat-calorie,,SKIP,"Already has sources[]"
cat-chocolate-toxicity,,SKIP,"Already has sources[]"
cat-dosage,,SKIP,"Already has sources[]"
caulk-calculator,,SKIP,"Already has sources[]"
cbm,,SKIP,"Already has sources[]"
cd,,SKIP,"Already has sources[]"
cell-doubling-time,,SKIP,"Already has sources[]"
celsius-to-fahrenheit,,SKIP,"Already has sources[]"
celsius-to-kelvin,,SKIP,"Already has sources[]"
cement-calculator,,SKIP,"Already has sources[]"
central-angle-calculator,,SKIP,"Already has sources[]"
central-limit-theorem,,SKIP,"Already has sources[]"
centripetal-force,,SKIP,"Already has sources[]"
cfm-to-lps,,SKIP,"Already has sources[]"
cha2ds2-vasc-score,,SKIP,"Already has sources[]"
chain-drive-design,,SKIP,"Already has sources[]"
chains-to-feet,,SKIP,"Already has sources[]"
character-counter,,SKIP,"Already has sources[]"
checksum-calculator,,SKIP,"Already has sources[]"
chemical-equation-balancer,,SKIP,"Already has sources[]"
chi-square-test,,SKIP,"Already has sources[]"
child-pugh-score,,SKIP,"Already has sources[]"
child-support,,SKIP,"Already has sources[]"
child-tax-credit,,SKIP,"Already has sources[]"
chiller-load,,SKIP,"Already has sources[]"
chinese-pension,,SKIP,"Already has sources[]"
chinese-remainder-theorem,,SKIP,"Already has sources[]"
chinese-zodiac,,SKIP,"Already has sources[]"
chocolate-toxicity,,SKIP,"Already has sources[]"
cholesterol-calculator,,SKIP,"Already has sources[]"
chord-calculator,,SKIP,"Already has sources[]"
church-tax-germany,,SKIP,"Already has sources[]"
churn-rate,,SKIP,"Already has sources[]"
ci-to-bq,,SKIP,"Already has sources[]"
cidr-calculator,,SKIP,"Already has sources[]"
circle-calculator,,SKIP,"Already has sources[]"
circular-sector-area,,SKIP,"Already has sources[]"
circular-segment-area,,SKIP,"Already has sources[]"
civil-aashto-lrfd,,SKIP,"Already has sources[]"
civil-aci-318,,SKIP,"Already has sources[]"
civil-aisc-360,,SKIP,"Already has sources[]"
civil-asce-7-22,,SKIP,"Already has sources[]"
civil-foundations,,SKIP,"Already has sources[]"
civil-geotechnical,,SKIP,"Already has sources[]"
civil-tms-402-602,,SKIP,"Already has sources[]"
civil,,SKIP,"Already has sources[]"
clausius-clapeyron,,SKIP,"Already has sources[]"
closing-costs,,SKIP,"Already has sources[]"
clothing-size-converter,,SKIP,"Already has sources[]"
cloud-cost,,SKIP,"Already has sources[]"
clv,,SKIP,"Already has sources[]"
cm-to-inches,,SKIP,"Already has sources[]"
co-signer-loan-calculator,,SKIP,"Already has sources[]"
cochrans-q-test,,SKIP,"Already has sources[]"
cocomo,,SKIP,"Already has sources[]"
coffee-cost,,SKIP,"Already has sources[]"
cohen-s-d-calculator,,SKIP,"Already has sources[]"
cohen-s-kappa-calculator,,SKIP,"Already has sources[]"
collatz-conjecture,,SKIP,"Already has sources[]"
color-code-converter,,SKIP,"Already has sources[]"
color-picker,,SKIP,"Already has sources[]"
colorado-income-tax,,SKIP,"Already has sources[]"
colorado-local-sales-tax,,SKIP,"Already has sources[]"
combination-and-permutation,,SKIP,"Already has sources[]"
combination-calculator,,SKIP,"Already has sources[]"
commercial-lease,,SKIP,"Already has sources[]"
commercial-real-estate-pro-forma,,SKIP,"Already has sources[]"
commercial-real-estate,,SKIP,"Already has sources[]"
commission,,SKIP,"Already has sources[]"
comparable-company-analysis,,SKIP,"Already has sources[]"
complex-number,,SKIP,"Already has sources[]"
composite-beam-design,,SKIP,"Already has sources[]"
compound-interest-calculator,,SKIP,"Already has sources[]"
compression-ratio-calculator,,SKIP,"Already has sources[]"
compton-scattering,,SKIP,"Already has sources[]"
conception-date,,SKIP,"Already has sources[]"
concrete-admixture,,SKIP,"Already has sources[]"
concrete-beam-design,,SKIP,"Already has sources[]"
concrete-calculator,,SKIP,"Already has sources[]"
concrete-column-design,,SKIP,"Already has sources[]"
concrete-column,,SKIP,"Already has sources[]"
concrete-footing-design,,SKIP,"Already has sources[]"
concrete-footing,,SKIP,"Already has sources[]"
concrete-mix,,SKIP,"Already has sources[]"
concrete-shear-design,,SKIP,"Already has sources[]"
concrete-slab-calculator,,SKIP,"Already has sources[]"
concrete-slab,,SKIP,"Already has sources[]"
concrete-strength,,SKIP,"Already has sources[]"
cone-calculator,,SKIP,"Already has sources[]"
cone-volume-calculator,,SKIP,"Already has sources[]"
confidence-interval,,SKIP,"Already has sources[]"
conic-classifier,,SKIP,"Already has sources[]"
connecticut-income-tax,,SKIP,"Already has sources[]"
consolidation-settlement,,SKIP,"Already has sources[]"
construction-delay-analysis,,SKIP,"Already has sources[]"
construction-loan-calculator,,SKIP,"Already has sources[]"
contact,,SKIP,"Already has sources[]"
container-loading,,SKIP,"Already has sources[]"
continued-fraction,,SKIP,"Already has sources[]"
contribution-margin-calculator,,SKIP,"Already has sources[]"
control-premium,,SKIP,"Already has sources[]"
conversions-angles-and-coordinates,,SKIP,"Already has sources[]"
conversions-apparel-and-size,,SKIP,"Already has sources[]"
conversions-area,,SKIP,"Already has sources[]"
conversions-bandwidth-and-data-rate,,SKIP,"Already has sources[]"
conversions-cooking-helpers,,SKIP,"Already has sources[]"
conversions-data-storage,,SKIP,"Already has sources[]"
conversions-density,,SKIP,"Already has sources[]"
conversions-electrical-and-wire,,SKIP,"Already has sources[]"
conversions-energy-and-heat,,SKIP,"Already has sources[]"
conversions-flow-rate,,SKIP,"Already has sources[]"
conversions-force-and-torque,,SKIP,"Already has sources[]"
conversions-fuel-economy,,SKIP,"Already has sources[]"
conversions-historical-and-specialized-units,,SKIP,"Already has sources[]"
conversions-length-and-distance,,SKIP,"Already has sources[]"
conversions-magnetism,,SKIP,"Already has sources[]"
conversions-mass-and-weight,,SKIP,"Already has sources[]"
conversions-power-and-lighting,,SKIP,"Already has sources[]"
conversions-pressure,,SKIP,"Already has sources[]"
conversions-radiation-and-dose,,SKIP,"Already has sources[]"
conversions-speed,,SKIP,"Already has sources[]"
conversions-temperature,,SKIP,"Already has sources[]"
conversions-time-and-formats,,SKIP,"Already has sources[]"
conversions-typography-and-web,,SKIP,"Already has sources[]"
conversions-universal,,SKIP,"Already has sources[]"
conversions-viscosity,,SKIP,"Already has sources[]"
conversions-volume-and-capacity,,SKIP,"Already has sources[]"
convolution,,SKIP,"Already has sources[]"
cooking-calculator,,SKIP,"Already has sources[]"
cooking-conversion,,SKIP,"Already has sources[]"
cooper-test,,SKIP,"Already has sources[]"
coordinate-calccalculator,,SKIP,"Already has sources[]"
cord-to-cubic-feet,,SKIP,"Already has sources[]"
core-math-equations-slope-evaluation,,SKIP,"Already has sources[]"
corrected-calcium,,SKIP,"Already has sources[]"
corrected-phenytoin-level,,SKIP,"Already has sources[]"
corrected-sodium,,SKIP,"Already has sources[]"
correlation-calculator,,SKIP,"Already has sources[]"
correlation-coefficient,,SKIP,"Already has sources[]"
corticosteroid-conversion,,SKIP,"Already has sources[]"
cost-of-living,,SKIP,"Already has sources[]"
cost-per-hire,,SKIP,"Already has sources[]"
council-tax,,SKIP,"Already has sources[]"
countdown-calculator,,SKIP,"Already has sources[]"
covariance-matrix,,SKIP,"Already has sources[]"
covariance,,SKIP,"Already has sources[]"
covered-call,,SKIP,"Already has sources[]"
cp-to-pa-s,,SKIP,"Already has sources[]"
cpk,,SKIP,"Already has sources[]"
cpm-calculator,,SKIP,"Already has sources[]"
cpm,,SKIP,"Already has sources[]"
cpp,,SKIP,"Already has sources[]"
crack-width,,SKIP,"Already has sources[]"
crane-lift-plan,,SKIP,"Already has sources[]"
crane-runway-beam-design,,SKIP,"Already has sources[]"
creatinine-clearance,,SKIP,"Already has sources[]"
credit-card-payoff-calculator,,SKIP,"Already has sources[]"
credit-card-payoff,,SKIP,"Already has sources[]"
credit-card-processing-fee,,SKIP,"Already has sources[]"
credit-card-validator,,SKIP,"Already has sources[]"
credit-rating-model,,SKIP,"Already has sources[]"
critical-angle,,SKIP,"Already has sources[]"
critical-swim-speed,,SKIP,"Already has sources[]"
crochet-calculator,,SKIP,"Already has sources[]"
cronbach-s-alpha-calculator,,SKIP,"Already has sources[]"
crop-evapotranspiration,,SKIP,"Already has sources[]"
crop-yield,,SKIP,"Already has sources[]"
cross-correlation,,SKIP,"Already has sources[]"
cross-product,,SKIP,"Already has sources[]"
cross-stitch-calculator,,SKIP,"Already has sources[]"
crossword-solver,,SKIP,"Already has sources[]"
crystallizer-design,,SKIP,"Already has sources[]"
ctr,,SKIP,"Already has sources[]"
cube-calculator,,SKIP,"Already has sources[]"
cubic-feet-to-gallons,,SKIP,"Already has sources[]"
cubic-meters-to-liters,,SKIP,"Already has sources[]"
culvert-design,,SKIP,"Already has sources[]"
cunningham-formula,,SKIP,"Already has sources[]"
cups-to-ml,,SKIP,"Already has sources[]"
cups-to-tablespoons,,SKIP,"Already has sources[]"
curb-65-score,,SKIP,"Already has sources[]"
currency-converter,,SKIP,"Already has sources[]"
currency-option,,SKIP,"Already has sources[]"
current-ratio,,SKIP,"Already has sources[]"
cut-and-fill,,SKIP,"Already has sources[]"
cycle-time,,SKIP,"Already has sources[]"
cycling-power,,SKIP,"Already has sources[]"
cycling-speed,,SKIP,"Already has sources[]"
cyclomatic-complexity,,SKIP,"Already has sources[]"
cylinder-calculator,,SKIP,"Already has sources[]"
cylinder-volume-calculator,,SKIP,"Already has sources[]"
cylindrical-to-cartesian,,SKIP,"Already has sources[]"
d-d-name-generator,,SKIP,"Already has sources[]"
d-d-point-buy-calculator,,SKIP,"Already has sources[]"
dam-stability,,SKIP,"Already has sources[]"
darcy-weisbach,,SKIP,"Already has sources[]"
darcys-law,,SKIP,"Already has sources[]"
darts-checkout,,SKIP,"Already has sources[]"
data-storage-converter,,SKIP,"Already has sources[]"
data-transfer-rate-converter,,SKIP,"Already has sources[]"
database-sizing,,SKIP,"Already has sources[]"
date-calculator,,SKIP,"Already has sources[]"
date-difference-calculator,,SKIP,"Already has sources[]"
date-duration,,SKIP,"Already has sources[]"
date-range-calculator,,SKIP,"Already has sources[]"
date,,SKIP,"Already has sources[]"
day-of-week-calculator,,SKIP,"Already has sources[]"
days-between-dates,,SKIP,"Already has sources[]"
days-of-inventory-on-hand,,SKIP,"Already has sources[]"
days-payables-outstanding,,SKIP,"Already has sources[]"
days-sales-outstanding,,SKIP,"Already has sources[]"
days-until,,SKIP,"Already has sources[]"
dbm-to-watts,,SKIP,"Already has sources[]"
dc-income-tax,,SKIP,"Already has sources[]"
dcf-equity,,SKIP,"Already has sources[]"
dcf,,SKIP,"Already has sources[]"
dd-to-dms,,SKIP,"Already has sources[]"
de-broglie-wavelength,,SKIP,"Already has sources[]"
dead-load,,SKIP,"Already has sources[]"
debt-avalanche-calculator,,SKIP,"Already has sources[]"
debt-consolidation,,SKIP,"Already has sources[]"
debt-snowball-calculator,,SKIP,"Already has sources[]"
debt-to-assets-ratio,,SKIP,"Already has sources[]"
debt-to-equity-ratio,,SKIP,"Already has sources[]"
debt-to-income-ratio,,SKIP,"Already has sources[]"
decagon-calculator,,SKIP,"Already has sources[]"
decibel,,SKIP,"Already has sources[]"
decimal-calculator,,SKIP,"Already has sources[]"
decimal-to-fraction,,SKIP,"Already has sources[]"
decimal-to-time,,SKIP,"Already has sources[]"
decision-tree,,SKIP,"Already has sources[]"
deck-calculator,,SKIP,"Already has sources[]"
decking,,SKIP,"Already has sources[]"
degrees-to-radians,,SKIP,"Already has sources[]"
delaware-income-tax,,SKIP,"Already has sources[]"
delta-delta-ct,,SKIP,"Already has sources[]"
delta-gap,,SKIP,"Already has sources[]"
density,,SKIP,"Already has sources[]"
depreciation,,SKIP,"Already has sources[]"
depth-of-field,,SKIP,"Already has sources[]"
derivative,,SKIP,"Already has sources[]"
detention-pond,,SKIP,"Already has sources[]"
development-length-compression,,SKIP,"Already has sources[]"
development-length-tension,,SKIP,"Already has sources[]"
dew-point,,SKIP,"Already has sources[]"
dewatering-flow-rate,,SKIP,"Already has sources[]"
dewatering,,SKIP,"Already has sources[]"
dfs,,SKIP,"Already has sources[]"
dice-roll-probability,,SKIP,"Already has sources[]"
diet-plan-calculator,,SKIP,"Already has sources[]"
differential-equation-solver,,SKIP,"Already has sources[]"
diffie-hellman,,SKIP,"Already has sources[]"
diffraction-grating,,SKIP,"Already has sources[]"
dijkstra-s-algorithm-calculator,,SKIP,"Already has sources[]"
dilution,,SKIP,"Already has sources[]"
dinner,,SKIP,"Already has sources[]"
diophantine-equation,,SKIP,"Already has sources[]"
disability-insurance,,SKIP,"Already has sources[]"
disclaimer,,SKIP,"Already has sources[]"
discount-calculator,,SKIP,"Already has sources[]"
discriminant-calculator,,SKIP,"Already has sources[]"
distance-calculator,,SKIP,"Already has sources[]"
distance-formula-calculator,,SKIP,"Already has sources[]"
dividend-discount-model,,SKIP,"Already has sources[]"
dividend-yield,,SKIP,"Already has sources[]"
dms-to-dd,,SKIP,"Already has sources[]"
dna-concentration,,SKIP,"Already has sources[]"
dna-to-protein-translator,,SKIP,"Already has sources[]"
dnd-name-generator,,SKIP,"Already has sources[]"
dodecagon-calculator,,SKIP,"Already has sources[]"
dodecahedron-volume,,SKIP,"Already has sources[]"
dog-age,,SKIP,"Already has sources[]"
dog-calorie,,SKIP,"Already has sources[]"
dog-dosage,,SKIP,"Already has sources[]"
dot-product,,SKIP,"Already has sources[]"
double-slit-interference,,SKIP,"Already has sources[]"
doubling-time,,SKIP,"Already has sources[]"
down-payment,,SKIP,"Already has sources[]"
download-time-calculator,,SKIP,"Already has sources[]"
dps,,SKIP,"Already has sources[]"
drag-coefficient,,SKIP,"Already has sources[]"
drake-equation,,SKIP,"Already has sources[]"
dram-to-grams,,SKIP,"Already has sources[]"
dream-interpretation,,SKIP,"Already has sources[]"
drilled-shaft,,SKIP,"Already has sources[]"
drug-dosage,,SKIP,"Already has sources[]"
drug-half-life,,SKIP,"Already has sources[]"
drywall-calculator,,SKIP,"Already has sources[]"
drywall,,SKIP,"Already has sources[]"
dscr,,SKIP,"Already has sources[]"
dti-ratio,,SKIP,"Already has sources[]"
duct-sizing,,SKIP,"Already has sources[]"
due-date,,SKIP,"Already has sources[]"
dupont-analysis,,SKIP,"Already has sources[]"
e-mc2,,SKIP,"Already has sources[]"
ean-validator,,SKIP,"Already has sources[]"
earth-dam-seepage,,SKIP,"Already has sources[]"
ecological-footprint,,SKIP,"Already has sources[]"
edd,,SKIP,"Already has sources[]"
edpi,,SKIP,"Already has sources[]"
effective-annual-rate,,SKIP,"Already has sources[]"
effective-field-goal-percentage,,SKIP,"Already has sources[]"
egc-sizing,,SKIP,"Already has sources[]"
ehp,,SKIP,"Already has sources[]"
eigenvalue-eigenvector,,SKIP,"Already has sources[]"
ein-validator,,SKIP,"Already has sources[]"
eitc,,SKIP,"Already has sources[]"
elapsed-time-calculator,,SKIP,"Already has sources[]"
electron-configuration,,SKIP,"Already has sources[]"
electronegativity-difference,,SKIP,"Already has sources[]"
elisa,,SKIP,"Already has sources[]"
ellipse-area,,SKIP,"Already has sources[]"
ellipse-calculator,,SKIP,"Already has sources[]"
ellipsoid-volume,,SKIP,"Already has sources[]"
elo-rating,,SKIP,"Already has sources[]"
email-validator,,SKIP,"Already has sources[]"
embroidery-calculator,,SKIP,"Already has sources[]"
emergency-fund,,SKIP,"Already has sources[]"
empirical-formula,,SKIP,"Already has sources[]"
employee-stock-option,,SKIP,"Already has sources[]"
employee-turnover-rate,,SKIP,"Already has sources[]"
ems-to-pixels,,SKIP,"Already has sources[]"
energy-density,,SKIP,"Already has sources[]"
energy-unit-converter,,SKIP,"Already has sources[]"
engine-displacement-calculator,,SKIP,"Already has sources[]"
engine-horsepower-calculator,,SKIP,"Already has sources[]"
eoq,,SKIP,"Already has sources[]"
epoxy-resin,,SKIP,"Already has sources[]"
eps,,SKIP,"Already has sources[]"
equation-solver,,SKIP,"Already has sources[]"
equilateral-triangle-calculator,,SKIP,"Already has sources[]"
equipment-financing-calculator,,SKIP,"Already has sources[]"
equipment-loan-calculator,,SKIP,"Already has sources[]"
era,,SKIP,"Already has sources[]"
ergs-to-joules,,SKIP,"Already has sources[]"
ergun-equation,,SKIP,"Already has sources[]"
estate-tax,,SKIP,"Already has sources[]"
euclidean-algorithm,,SKIP,"Already has sources[]"
euler-s-method-calculator,,SKIP,"Already has sources[]"
euler-s-totient-function-calculator,,SKIP,"Already has sources[]"
eulers-totient-function,,SKIP,"Already has sources[]"
eurocode-1-imposed-loads,,SKIP,"Already has sources[]"
eurocode-1-snow-load,,SKIP,"Already has sources[]"
eurocode-1-thermal-actions,,SKIP,"Already has sources[]"
eurocode-1-wind-load,,SKIP,"Already has sources[]"
eurocode-2-anchorage-length,,SKIP,"Already has sources[]"
eurocode-2-beam-design,,SKIP,"Already has sources[]"
eurocode-2-column-design,,SKIP,"Already has sources[]"
eurocode-2-punching-shear,,SKIP,"Already has sources[]"
eurocode-2-shear-design,,SKIP,"Already has sources[]"
eurocode-3-beam-design,,SKIP,"Already has sources[]"
eurocode-3-bolted-connection,,SKIP,"Already has sources[]"
eurocode-3-column-design,,SKIP,"Already has sources[]"
eurocode-4-composite-beam,,SKIP,"Already has sources[]"
eurocode-4-composite-column,,SKIP,"Already has sources[]"
eurocode-5-timber-beam,,SKIP,"Already has sources[]"
eurocode-5-timber-column,,SKIP,"Already has sources[]"
eurocode-6-concentrated-load,,SKIP,"Already has sources[]"
eurocode-6-masonry-wall,,SKIP,"Already has sources[]"
eurocode-6-shear-wall,,SKIP,"Already has sources[]"
eurocode-7-bearing-resistance,,SKIP,"Already has sources[]"
eurocode-7-pile-capacity,,SKIP,"Already has sources[]"
eurocode-7-retaining-wall,,SKIP,"Already has sources[]"
eurocode-7-sliding-resistance,,SKIP,"Already has sources[]"
eurocode-7-slope-stability,,SKIP,"Already has sources[]"
eurocode-8-capacity-design,,SKIP,"Already has sources[]"
eurocode-8-inter-storey-drift,,SKIP,"Already has sources[]"
eurocode-8-seismic-design,,SKIP,"Already has sources[]"
eurocode-9-aluminum-design,,SKIP,"Already has sources[]"
eurocode-9-column-design,,SKIP,"Already has sources[]"
eurocode-load-combinations,,SKIP,"Already has sources[]"
ev-to-joules,,SKIP,"Already has sources[]"
eva,,SKIP,"Already has sources[]"
event-budget,,SKIP,"Already has sources[]"
evm,,SKIP,"Already has sources[]"
excavation-calculator,,SKIP,"Already has sources[]"
exchange-ratio,,SKIP,"Already has sources[]"
exercise,,SKIP,"Already has sources[]"
exoplanet-transit,,SKIP,"Already has sources[]"
exponent,,SKIP,"Already has sources[]"
exponential-distribution,,SKIP,"Already has sources[]"
f-test,,SKIP,"Already has sources[]"
factor-of-safety,,SKIP,"Already has sources[]"
factorial,,SKIP,"Already has sources[]"
factoring-calculator,,SKIP,"Already has sources[]"
factoring,,SKIP,"Already has sources[]"
fahrenheit-to-celsius,,SKIP,"Already has sources[]"
fahrenheit-to-kelvin,,SKIP,"Already has sources[]"
fantasy-name-generator,,SKIP,"Already has sources[]"
faq,,SKIP,"Already has sources[]"
fastener-calculator,,SKIP,"Already has sources[]"
fat-calculator,,SKIP,"Already has sources[]"
fat-intake,,SKIP,"Already has sources[]"
fathoms-to-feet,,SKIP,"Already has sources[]"
fatigue-life,,SKIP,"Already has sources[]"
fcfe,,SKIP,"Already has sources[]"
fcff,,SKIP,"Already has sources[]"
fdi-roi,,SKIP,"Already has sources[]"
fea-truss,,SKIP,"Already has sources[]"
federal-income-tax-head-of-household,,SKIP,"Already has sources[]"
federal-income-tax-married-filing-jointly,,SKIP,"Already has sources[]"
federal-income-tax-single,,SKIP,"Already has sources[]"
feet-and-inches-to-cm,,SKIP,"Already has sources[]"
feet-of-water-to-psi,,SKIP,"Already has sources[]"
feet-per-second-to-mph,,SKIP,"Already has sources[]"
feet-to-meters,,SKIP,"Already has sources[]"
fence-calculator,,SKIP,"Already has sources[]"
fertilizer,,SKIP,"Already has sources[]"
fft,,SKIP,"Already has sources[]"
fha-loan,,SKIP,"Already has sources[]"
fiber-calculator,,SKIP,"Already has sources[]"
fiber,,SKIP,"Already has sources[]"
fibonacci-calculator,,SKIP,"Already has sources[]"
fibonacci-number,,SKIP,"Already has sources[]"
fibonacci-retracement,,SKIP,"Already has sources[]"
fick-principle,,SKIP,"Already has sources[]"
ficks-law,,SKIP,"Already has sources[]"
field-goal-distance,,SKIP,"Already has sources[]"
fill-rate,,SKIP,"Already has sources[]"
filter-design,,SKIP,"Already has sources[]"
fin-heat-transfer,,SKIP,"Already has sources[]"
final-grade,,SKIP,"Already has sources[]"
financial-goals,,SKIP,"Already has sources[]"
fir-filter-design,,SKIP,"Already has sources[]"
fire,,SKIP,"Already has sources[]"
fl-oz-to-ml,,SKIP,"Already has sources[]"
flash-distillation,,SKIP,"Already has sources[]"
floor-plan-calculator,,SKIP,"Already has sources[]"
flooring-calculator,,SKIP,"Already has sources[]"
flooring,,SKIP,"Already has sources[]"
florida-income-tax,,SKIP,"Already has sources[]"
florida-sales-tax,,SKIP,"Already has sources[]"
foil,,SKIP,"Already has sources[]"
food-density,,SKIP,"Already has sources[]"
food-scale-calculator,,SKIP,"Already has sources[]"
force,,SKIP,"Already has sources[]"
forecasting,,SKIP,"Already has sources[]"
forex,,SKIP,"Already has sources[]"
formal-charge,,SKIP,"Already has sources[]"
formwork-pressure,,SKIP,"Already has sources[]"
forward-kinematics,,SKIP,"Already has sources[]"
forward-rate,,SKIP,"Already has sources[]"
foundation-calculator,,SKIP,"Already has sources[]"
fourier-series,,SKIP,"Already has sources[]"
fraction,,SKIP,"Already has sources[]"
frame-size,,SKIP,"Already has sources[]"
framingham-risk-score,,SKIP,"Already has sources[]"
free-water-deficit,,SKIP,"Already has sources[]"
freight-class,,SKIP,"Already has sources[]"
french-pension,,SKIP,"Already has sources[]"
frequency-distribution,,SKIP,"Already has sources[]"
friedman-test,,SKIP,"Already has sources[]"
friendship,,SKIP,"Already has sources[]"
frustum-volume,,SKIP,"Already has sources[]"
ft-lb-to-nm,,SKIP,"Already has sources[]"
fte,,SKIP,"Already has sources[]"
fuel-cost,,SKIP,"Already has sources[]"
fuel-economy-calculator,,SKIP,"Already has sources[]"
fuel-economy-converter,,SKIP,"Already has sources[]"
fuel-injector-size-calculator,,SKIP,"Already has sources[]"
fugacity,,SKIP,"Already has sources[]"
fujita-scale,,SKIP,"Already has sources[]"
function-calculator,,SKIP,"Already has sources[]"
function-point,,SKIP,"Already has sources[]"
furlongs-to-miles,,SKIP,"Already has sources[]"
furniture-layout-calculator,,SKIP,"Already has sources[]"
future-value-of-annuity,,SKIP,"Already has sources[]"
future-value,,SKIP,"Already has sources[]"
g-test,,SKIP,"Already has sources[]"
gaa,,SKIP,"Already has sources[]"
gabion-wall-design,,SKIP,"Already has sources[]"
gacha,,SKIP,"Already has sources[]"
gallons-to-liters,,SKIP,"Already has sources[]"
game-theory,,SKIP,"Already has sources[]"
gardening-calculator,,SKIP,"Already has sources[]"
gas-mileage-calculator,,SKIP,"Already has sources[]"
gas-mixture,,SKIP,"Already has sources[]"
gauss-to-tesla,,SKIP,"Already has sources[]"
gb-to-tb,,SKIP,"Already has sources[]"
gcf,,SKIP,"Already has sources[]"
gear-ratio-calculator,,SKIP,"Already has sources[]"
gear-ratio,,SKIP,"Already has sources[]"
gec-sizing,,SKIP,"Already has sources[]"
general-utility,,SKIP,"Already has sources[]"
genetic-algorithm,,SKIP,"Already has sources[]"
geodetic-distance,,SKIP,"Already has sources[]"
geologic-time-scale-converter,,SKIP,"Already has sources[]"
geometric-distribution,,SKIP,"Already has sources[]"
geometric-sequence,,SKIP,"Already has sources[]"
georgia-income-tax,,SKIP,"Already has sources[]"
georgia-local-sales-tax,,SKIP,"Already has sources[]"
german-capital-gains-tax,,SKIP,"Already has sources[]"
german-income-tax,,SKIP,"Already has sources[]"
german-pension,,SKIP,"Already has sources[]"
german-trade-tax,,SKIP,"Already has sources[]"
german-vat,,SKIP,"Already has sources[]"
gfr,,SKIP,"Already has sources[]"
gibbs-free-energy,,SKIP,"Already has sources[]"
gift-tax,,SKIP,"Already has sources[]"
glasgow-coma-scale,,SKIP,"Already has sources[]"
glulam-beam-design,,SKIP,"Already has sources[]"
glycemic-load,,SKIP,"Already has sources[]"
goal-difference,,SKIP,"Already has sources[]"
goldbach-conjecture,,SKIP,"Already has sources[]"
golden-ratio,,SKIP,"Already has sources[]"
golf-handicap,,SKIP,"Already has sources[]"
goods-and-services-tax-gst-in-india-calculating-gst-at-different-slab-rates-5-12-18-28-adding-or-removing-gst-cgst-sgst-and-igst-explained-faqs,,SKIP,"Already has sources[]"
googlec8c0eedfe44345b9,,SKIP,"Already has sources[]"
gpa-calculator,,SKIP,"Already has sources[]"
gpm-to-lps,,SKIP,"Already has sources[]"
grade,,SKIP,"Already has sources[]"
gradient-divergence-curl,,SKIP,"Already has sources[]"
grains-to-grams,,SKIP,"Already has sources[]"
gram-schmidt,,SKIP,"Already has sources[]"
grams-to-carats,,SKIP,"Already has sources[]"
grams-to-cups,,SKIP,"Already has sources[]"
grams-to-moles,,SKIP,"Already has sources[]"
grams-to-ounces,,SKIP,"Already has sources[]"
grams-to-pounds,,SKIP,"Already has sources[]"
graph-degree,,SKIP,"Already has sources[]"
graphing-and-visualization,,SKIP,"Already has sources[]"
graphing-calculator,,SKIP,"Already has sources[]"
graphing,,SKIP,"Already has sources[]"
grass-seed,,SKIP,"Already has sources[]"
gravel-calculator,,SKIP,"Already has sources[]"
gravel,,SKIP,"Already has sources[]"
gravitational-lensing,,SKIP,"Already has sources[]"
greek-units-converter,,SKIP,"Already has sources[]"
green-roof-load,,SKIP,"Already has sources[]"
greenhouse-gas-equivalencies,,SKIP,"Already has sources[]"
greenhouse,,SKIP,"Already has sources[]"
greenshields-model,,SKIP,"Already has sources[]"
grm,,SKIP,"Already has sources[]"
grounding-grid,,SKIP,"Already has sources[]"
growth-chart,,SKIP,"Already has sources[]"
gst-hst,,SKIP,"Already has sources[]"
guesstimate,,SKIP,"Already has sources[]"
gwp,,SKIP,"Already has sources[]"
half-life,,SKIP,"Already has sources[]"
halstead-complexity,,SKIP,"Already has sources[]"
hard-money-loan-calculator,,SKIP,"Already has sources[]"
hardness-conversion,,SKIP,"Already has sources[]"
hardware-calculator,,SKIP,"Already has sources[]"
hardy-weinberg,,SKIP,"Already has sources[]"
harris-benedict,,SKIP,"Already has sources[]"
has-bled-score,,SKIP,"Already has sources[]"
hash-generator,,SKIP,"Already has sources[]"
hawaii-income-tax,,SKIP,"Already has sources[]"
hazen-williams,,SKIP,"Already has sources[]"
heart-rate-calculator,,SKIP,"Already has sources[]"
heart-score,,SKIP,"Already has sources[]"
heat-index,,SKIP,"Already has sources[]"
heat-loss,,SKIP,"Already has sources[]"
heat-transfer,,SKIP,"Already has sources[]"
hectares-to-acres,,SKIP,"Already has sources[]"
helical-pile,,SKIP,"Already has sources[]"
heloc-calculator,,SKIP,"Already has sources[]"
heloc,,SKIP,"Already has sources[]"
help,,SKIP,"Already has sources[]"
hemocytometer,,SKIP,"Already has sources[]"
henderson-hasselbalch,,SKIP,"Already has sources[]"
heptagon-calculator,,SKIP,"Already has sources[]"
herons-formula-calculator,,SKIP,"Already has sources[]"
herons-formula,,SKIP,"Already has sources[]"
hex-color-converter,,SKIP,"Already has sources[]"
hex,,SKIP,"Already has sources[]"
hexagon-calculator,,SKIP,"Already has sources[]"
hhi,,SKIP,"Already has sources[]"
higher-education-loan-program-help-calculating-your-compulsory-repayment-amount-based-on-income-repayment-thresholds-and-rates-indexation-explained-faqs,,SKIP,"Already has sources[]"
hiking-time,,SKIP,"Already has sources[]"
hill-cipher,,SKIP,"Already has sources[]"
historical-volatility,,SKIP,"Already has sources[]"
hobbies,,SKIP,"Already has sources[]"
hobby-cost,,SKIP,"Already has sources[]"
hogshead-to-gallons,,SKIP,"Already has sources[]"
hohmann-transfer,,SKIP,"Already has sources[]"
home-equity-loan-calculator,,SKIP,"Already has sources[]"
home-insurance,,SKIP,"Already has sources[]"
horizontal-curve,,SKIP,"Already has sources[]"
horse-weight,,SKIP,"Already has sources[]"
horsepower-to-weight-ratio,,SKIP,"Already has sources[]"
horsepower,,SKIP,"Already has sources[]"
hourly-to-salary,,SKIP,"Already has sources[]"
hours-calculator,,SKIP,"Already has sources[]"
house-affordability,,SKIP,"Already has sources[]"
how-cgt-works-in-australia-calculating-your-capital-gain-or-loss-the-50-cgt-discount-for-individuals-main-residence-exemption-faqs,,SKIP,"Already has sources[]"
how-much-house-can-i-afford,,SKIP,"Already has sources[]"
how-to-calculate-emis-for-loans-home-car-personal-the-emi-formula-explained-principal-and-interest-components-prepayment-of-loans-faqs,,SKIP,"Already has sources[]"
how-to-calculate-your-hra-exemption-rules-for-hra-calculation-for-salaried-individuals-living-in-rented-accommodation-faqs,,SKIP,"Already has sources[]"
hp-to-kw-converter,,SKIP,"Already has sources[]"
hp-to-watts,,SKIP,"Already has sources[]"
hsa,,SKIP,"Already has sources[]"
html-entity-encoder,,SKIP,"Already has sources[]"
hubble-s-law-calculator,,SKIP,"Already has sources[]"
human-capital-roi,,SKIP,"Already has sources[]"
human-life-value,,SKIP,"Already has sources[]"
hvac-tonnage,,SKIP,"Already has sources[]"
hydration,,SKIP,"Already has sources[]"
hydrometer-temperature-correction,,SKIP,"Already has sources[]"
hydrostatic-pressure,,SKIP,"Already has sources[]"
hyperbola-calculator,,SKIP,"Already has sources[]"
hyperbolic-function,,SKIP,"Already has sources[]"
hyperbolic-functions,,SKIP,"Already has sources[]"
hypergeometric-distribution,,SKIP,"Already has sources[]"
hypersonic-flow,,SKIP,"Already has sources[]"
iban-validator,,SKIP,"Already has sources[]"
ibu-homebrew,,SKIP,"Already has sources[]"
ibu,,SKIP,"Already has sources[]"
icosahedron-volume,,SKIP,"Already has sources[]"
idaho-income-tax,,SKIP,"Already has sources[]"
ideal-gas-law,,SKIP,"Already has sources[]"
ideal-weight-calculator,,SKIP,"Already has sources[]"
ideal-weight,,SKIP,"Already has sources[]"
iir-filter-design,,SKIP,"Already has sources[]"
illinois-income-tax,,SKIP,"Already has sources[]"
illinois-sales-tax,,SKIP,"Already has sources[]"
implied-volatility,,SKIP,"Already has sources[]"
inches-to-cm,,SKIP,"Already has sources[]"
inches-to-picas,,SKIP,"Already has sources[]"
income-tax-calculator,,SKIP,"Already has sources[]"
index,,SKIP,"Already has sources[]"
indian-tax-slabs-old-vs.-new-regime-for-fy-2025-26-calculating-your-tax-liability-deductions-under-section-80c-80d-etc.-surcharges-and-cess-faqs,,SKIP,"Already has sources[]"
indiana-county-income-tax,,SKIP,"Already has sources[]"
indiana-income-tax,,SKIP,"Already has sources[]"
inflation,,SKIP,"Already has sources[]"
influence-line,,SKIP,"Already has sources[]"
infusion-rate,,SKIP,"Already has sources[]"
inheritance-tax,,SKIP,"Already has sources[]"
inhg-to-psi,,SKIP,"Already has sources[]"
inscribed-angle-calculator,,SKIP,"Already has sources[]"
installment-loan-calculator,,SKIP,"Already has sources[]"
insulation-calculator,,SKIP,"Already has sources[]"
integral,,SKIP,"Already has sources[]"
intercept-calculator,,SKIP,"Already has sources[]"
interest-coverage-ratio,,SKIP,"Already has sources[]"
interest-only-loan,,SKIP,"Already has sources[]"
intermittent-fasting,,SKIP,"Already has sources[]"
international-fisher-effect,,SKIP,"Already has sources[]"
internet-speed-calculator,,SKIP,"Already has sources[]"
interplanetary-trajectory,,SKIP,"Already has sources[]"
interval-notation,,SKIP,"Already has sources[]"
inventory-turnover,,SKIP,"Already has sources[]"
inverse-hyperbolic-functions,,SKIP,"Already has sources[]"
inverse-kinematics,,SKIP,"Already has sources[]"
inverse-laplace-transform,,SKIP,"Already has sources[]"
inverse-square-law-sound,,SKIP,"Already has sources[]"
invoice-factoring-calculator,,SKIP,"Already has sources[]"
iowa-income-tax,,SKIP,"Already has sources[]"
ip-calculator,,SKIP,"Already has sources[]"
iqr,,SKIP,"Already has sources[]"
ira,,SKIP,"Already has sources[]"
iron-condor,,SKIP,"Already has sources[]"
irr,,SKIP,"Already has sources[]"
irrigation,,SKIP,"Already has sources[]"
isa,,SKIP,"Already has sources[]"
isbn-validator,,SKIP,"Already has sources[]"
island-biogeography,,SKIP,"Already has sources[]"
isoelectric-point,,SKIP,"Already has sources[]"
isosceles-triangle-calculator,,SKIP,"Already has sources[]"
isotope-abundance,,SKIP,"Already has sources[]"
italian-pension,,SKIP,"Already has sources[]"
iv-drip-rate,,SKIP,"Already has sources[]"
jacobian-matrix,,SKIP,"Already has sources[]"
japanese-pension,,SKIP,"Already has sources[]"
jensen-s-alpha-calculator,,SKIP,"Already has sources[]"
jewelry-making-calculator,,SKIP,"Already has sources[]"
jitter-calculator,,SKIP,"Already has sources[]"
joules-to-btu,,SKIP,"Already has sources[]"
joules-to-calories,,SKIP,"Already has sources[]"
joules-to-kwh,,SKIP,"Already has sources[]"
journal-bearing-design,,SKIP,"Already has sources[]"
k-map-solver,,SKIP,"Already has sources[]"
kansas-income-tax,,SKIP,"Already has sources[]"
kansas-local-sales-tax,,SKIP,"Already has sources[]"
katch-mcardle,,SKIP,"Already has sources[]"
kb-to-mb,,SKIP,"Already has sources[]"
kbps-to-mbps,,SKIP,"Already has sources[]"
kcal-to-kj,,SKIP,"Already has sources[]"
kelly-criterion,,SKIP,"Already has sources[]"
kelvin-to-celsius,,SKIP,"Already has sources[]"
kelvin-to-fahrenheit,,SKIP,"Already has sources[]"
kendalls-tau,,SKIP,"Already has sources[]"
kentucky-income-tax,,SKIP,"Already has sources[]"
kentucky-occupational-tax,,SKIP,"Already has sources[]"
keto,,SKIP,"Already has sources[]"
kevin-bacon,,SKIP,"Already has sources[]"
kg-to-lbs,,SKIP,"Already has sources[]"
kinetic-energy,,SKIP,"Already has sources[]"
kitchen-layout-calculator,,SKIP,"Already has sources[]"
kite-area,,SKIP,"Already has sources[]"
kite-calculator,,SKIP,"Already has sources[]"
kiwisaver,,SKIP,"Already has sources[]"
km-to-miles,,SKIP,"Already has sources[]"
knitting-calculator,,SKIP,"Already has sources[]"
knitting-gauge,,SKIP,"Already has sources[]"
knots-to-mph,,SKIP,"Already has sources[]"
koppen-climate,,SKIP,"Already has sources[]"
kpa-to-psi,,SKIP,"Already has sources[]"
kph-to-mph,,SKIP,"Already has sources[]"
kruskal-s-algorithm-calculator,,SKIP,"Already has sources[]"
kruskal-wallis-test,,SKIP,"Already has sources[]"
kw-to-hp-converter,,SKIP,"Already has sources[]"
kw-to-kwh-calculator,,SKIP,"Already has sources[]"
kwh-to-btu,,SKIP,"Already has sources[]"
kwh-to-joules,,SKIP,"Already has sources[]"
kwh-to-megajoules-converter,,SKIP,"Already has sources[]"
land-transfer-tax,,SKIP,"Already has sources[]"
landfill-volume,,SKIP,"Already has sources[]"
lap-time,,SKIP,"Already has sources[]"
laplace-transform,,SKIP,"Already has sources[]"
latency-calculator,,SKIP,"Already has sources[]"
lateral-earth-pressure,,SKIP,"Already has sources[]"
law-of-cosines-calculator,,SKIP,"Already has sources[]"
law-of-sines-calculator,,SKIP,"Already has sources[]"
lbo-model,,SKIP,"Already has sources[]"
lbs-to-kg,,SKIP,"Already has sources[]"
lbs-to-stone,,SKIP,"Already has sources[]"
lbtt,,SKIP,"Already has sources[]"
lc-filter,,SKIP,"Already has sources[]"
lcm,,SKIP,"Already has sources[]"
ldl,,SKIP,"Already has sources[]"
lead-generation-roi,,SKIP,"Already has sources[]"
leagues-to-miles,,SKIP,"Already has sources[]"
lean-body-mass,,SKIP,"Already has sources[]"
leap-year-calculator,,SKIP,"Already has sources[]"
learning-curve,,SKIP,"Already has sources[]"
lease-vs-buy-car,,SKIP,"Already has sources[]"
lease-vs-buy-equipment,,SKIP,"Already has sources[]"
led-resistor,,SKIP,"Already has sources[]"
length-contraction,,SKIP,"Already has sources[]"
length-converter,,SKIP,"Already has sources[]"
lensmaker-s-equation,,SKIP,"Already has sources[]"
leveling,,SKIP,"Already has sources[]"
levenes-test,,SKIP,"Already has sources[]"
life-and-earth-sciences,,SKIP,"Already has sources[]"
life-expectancy,,SKIP,"Already has sources[]"
life-insurance-needs,,SKIP,"Already has sources[]"
life-table,,SKIP,"Already has sources[]"
lift-coefficient,,SKIP,"Already has sources[]"
ligation,,SKIP,"Already has sources[]"
light-gauge-steel-design,,SKIP,"Already has sources[]"
light-years-to-miles,,SKIP,"Already has sources[]"
lights-criteria,,SKIP,"Already has sources[]"
likelihood-ratio,,SKIP,"Already has sources[]"
limit,,SKIP,"Already has sources[]"
limiting-reactant,,SKIP,"Already has sources[]"
line-balancing,,SKIP,"Already has sources[]"
line-counter,,SKIP,"Already has sources[]"
linear-algebra,,SKIP,"Already has sources[]"
linear-programming,,SKIP,"Already has sources[]"
linear-regression,,SKIP,"Already has sources[]"
linear-transformation,,SKIP,"Already has sources[]"
link-budget,,SKIP,"Already has sources[]"
liters-to-gallons,,SKIP,"Already has sources[]"
littles-law,,SKIP,"Already has sources[]"
live-load,,SKIP,"Already has sources[]"
lmtd,,SKIP,"Already has sources[]"
load-balancing-simulator,,SKIP,"Already has sources[]"
loading-dose,,SKIP,"Already has sources[]"
loan-amortization-calculator,,SKIP,"Already has sources[]"
loan-amortization,,SKIP,"Already has sources[]"
loan-comparison-calculator,,SKIP,"Already has sources[]"
loan-comparison,,SKIP,"Already has sources[]"
loan-payment-formula,,SKIP,"Already has sources[]"
loan-payoff,,SKIP,"Already has sources[]"
loan-prepayment,,SKIP,"Already has sources[]"
loans-and-debt,,SKIP,"Already has sources[]"
log-reduction,,SKIP,"Already has sources[]"
log,,SKIP,"Already has sources[]"
logarithm-calculator,,SKIP,"Already has sources[]"
logistic-regression,,SKIP,"Already has sources[]"
long-division,,SKIP,"Already has sources[]"
long-term-capital-gains-tax,,SKIP,"Already has sources[]"
long-term-care-cost,,SKIP,"Already has sources[]"
lorem-ipsum-generator,,SKIP,"Already has sources[]"
lorentz-factor,,SKIP,"Already has sources[]"
lotka-volterra,,SKIP,"Already has sources[]"
lottery-calculator,,SKIP,"Already has sources[]"
lottery-odds,,SKIP,"Already has sources[]"
lottery-tax,,SKIP,"Already has sources[]"
louisiana-income-tax,,SKIP,"Already has sources[]"
louisiana-local-sales-tax,,SKIP,"Already has sources[]"
love,,SKIP,"Already has sources[]"
ltt,,SKIP,"Already has sources[]"
ltv,,SKIP,"Already has sources[]"
luggage-weight-converter,,SKIP,"Already has sources[]"
luhn-algorithm,,SKIP,"Already has sources[]"
lumber-calculator,,SKIP,"Already has sources[]"
lumens-to-watts,,SKIP,"Already has sources[]"
luminosity,,SKIP,"Already has sources[]"
lumpsum-calculator,,SKIP,"Already has sources[]"
lye,,SKIP,"Already has sources[]"
m-a-model-calculator,,SKIP,"Already has sources[]"
mac-address-generator,,SKIP,"Already has sources[]"
macd,,SKIP,"Already has sources[]"
mach-to-mph,,SKIP,"Already has sources[]"
maclaurin-series,,SKIP,"Already has sources[]"
macro,,SKIP,"Already has sources[]"
magic-number,,SKIP,"Already has sources[]"
magnetic-declination,,SKIP,"Already has sources[]"
magnification,,SKIP,"Already has sources[]"
maine-income-tax,,SKIP,"Already has sources[]"
maintenance-dose,,SKIP,"Already has sources[]"
manitoba-tax,,SKIP,"Already has sources[]"
mann-whitney-u-test,,SKIP,"Already has sources[]"
manning-s-equation-calculator,,SKIP,"Already has sources[]"
map,,SKIP,"Already has sources[]"
margin-of-error,,SKIP,"Already has sources[]"
margin,,SKIP,"Already has sources[]"
marginal-tax-rate-calculator,,SKIP,"Already has sources[]"
marine-pft,,SKIP,"Already has sources[]"
mark-recapture,,SKIP,"Already has sources[]"
markov-chain-simulator,,SKIP,"Already has sources[]"
markup-calculator,,SKIP,"Already has sources[]"
markup,,SKIP,"Already has sources[]"
marshall-mix-design,,SKIP,"Already has sources[]"
maryland-county-income-tax,,SKIP,"Already has sources[]"
maryland-income-tax,,SKIP,"Already has sources[]"
masonry-column-design,,SKIP,"Already has sources[]"
masonry-lintel-design,,SKIP,"Already has sources[]"
masonry-shear-wall-design,,SKIP,"Already has sources[]"
masonry-wall-design,,SKIP,"Already has sources[]"
massachusetts-income-tax,,SKIP,"Already has sources[]"
mastermind-solver,,SKIP,"Already has sources[]"
materials-estimation,,SKIP,"Already has sources[]"
materials,,SKIP,"Already has sources[]"
math-conversions-measurement-unit-conversions,,SKIP,"Already has sources[]"
matrix-calculator,,SKIP,"Already has sources[]"
matrix-determinant,,SKIP,"Already has sources[]"
matrix-inverse,,SKIP,"Already has sources[]"
matrix-rank,,SKIP,"Already has sources[]"
matrix-transpose,,SKIP,"Already has sources[]"
matrix,,SKIP,"Already has sources[]"
maximum-demand,,SKIP,"Already has sources[]"
mayan-calendar-converter,,SKIP,"Already has sources[]"
mb-to-gb,,SKIP,"Already has sources[]"
mbar-to-psi,,SKIP,"Already has sources[]"
mccabe-thiele,,SKIP,"Already has sources[]"
mcg-to-mg,,SKIP,"Already has sources[]"
meal-planning-calculator,,SKIP,"Already has sources[]"
mean-calculator,,SKIP,"Already has sources[]"
mean-median-mode,,SKIP,"Already has sources[]"
measurement-unit-conversions,,SKIP,"Already has sources[]"
median-calculator,,SKIP,"Already has sources[]"
medicare-tax,,SKIP,"Already has sources[]"
meeting-calculator,,SKIP,"Already has sources[]"
meeting-planner-time-zone,,SKIP,"Already has sources[]"
meld-score,,SKIP,"Already has sources[]"
membrane-separation,,SKIP,"Already has sources[]"
men-s-shirt-size-converter,,SKIP,"Already has sources[]"
men-s-shoe-size-converter,,SKIP,"Already has sources[]"
met-minutes,,SKIP,"Already has sources[]"
meters-per-second-to-mph,,SKIP,"Already has sources[]"
meters-to-feet,,SKIP,"Already has sources[]"
meters-to-nm,,SKIP,"Already has sources[]"
meters-to-yards,,SKIP,"Already has sources[]"
metric-tons-to-lbs,,SKIP,"Already has sources[]"
michaelis-menten,,SKIP,"Already has sources[]"
michigan-city-income-tax,,SKIP,"Already has sources[]"
michigan-income-tax,,SKIP,"Already has sources[]"
micrometers-to-millimeters,,SKIP,"Already has sources[]"
micrometers-to-nm,,SKIP,"Already has sources[]"
micropile-design,,SKIP,"Already has sources[]"
midpoint-calculator,,SKIP,"Already has sources[]"
miles-to-km,,SKIP,"Already has sources[]"
military-time-converter,,SKIP,"Already has sources[]"
mineral-calculator,,SKIP,"Already has sources[]"
minnesota-income-tax,,SKIP,"Already has sources[]"
minutes-calculator,,SKIP,"Already has sources[]"
minutes-to-decimal-hours,,SKIP,"Already has sources[]"
mirr,,SKIP,"Already has sources[]"
mississippi-income-tax,,SKIP,"Already has sources[]"
missouri-income-tax,,SKIP,"Already has sources[]"
missouri-local-earnings-tax,,SKIP,"Already has sources[]"
mixed-number,,SKIP,"Already has sources[]"
ml-to-cups,,SKIP,"Already has sources[]"
mm-to-inches,,SKIP,"Already has sources[]"
mode-calculator,,SKIP,"Already has sources[]"
modular-arithmetic,,SKIP,"Already has sources[]"
modular-exponentiation,,SKIP,"Already has sources[]"
modular-inverse,,SKIP,"Already has sources[]"
modulo,,SKIP,"Already has sources[]"
mohrs-circle,,SKIP,"Already has sources[]"
mohs-hardness-scale,,SKIP,"Already has sources[]"
molar-mass,,SKIP,"Already has sources[]"
molarity,,SKIP,"Already has sources[]"
molding-calculator,,SKIP,"Already has sources[]"
molecular-formula,,SKIP,"Already has sources[]"
molecular-weight,,SKIP,"Already has sources[]"
moles-to-grams,,SKIP,"Already has sources[]"
moment-of-inertia,,SKIP,"Already has sources[]"
momentum,,SKIP,"Already has sources[]"
montana-income-tax,,SKIP,"Already has sources[]"
monte-carlo-simulation,,SKIP,"Already has sources[]"
morse-code-translator,,SKIP,"Already has sources[]"
mortar-calculator,,SKIP,"Already has sources[]"
mortar-mix,,SKIP,"Already has sources[]"
mortgage-affordability-calculator,,SKIP,"Already has sources[]"
mortgage-affordability-methodology-guide,,SKIP,"Already has sources[]"
mortgage-payment,,SKIP,"Already has sources[]"
mortgage-payoff,,SKIP,"Already has sources[]"
mortgage-points,,SKIP,"Already has sources[]"
mortgage-refinance,,SKIP,"Already has sources[]"
mortgage,,SKIP,"Already has sources[]"
mortgages,,SKIP,"Already has sources[]"
motor-fla,,SKIP,"Already has sources[]"
motorcycle-loan-calculator,,SKIP,"Already has sources[]"
moving-average,,SKIP,"Already has sources[]"
mpg,,SKIP,"Already has sources[]"
mph-to-feet-per-second,,SKIP,"Already has sources[]"
mph-to-kph,,SKIP,"Already has sources[]"
mph-to-mach,,SKIP,"Already has sources[]"
mps-to-watts,,SKIP,"Already has sources[]"
mulch-calculator,,SKIP,"Already has sources[]"
mulch,,SKIP,"Already has sources[]"
multiple-linear-regression,,SKIP,"Already has sources[]"
mutual-fund-fee,,SKIP,"Already has sources[]"
naive-bayes,,SKIP,"Already has sources[]"
national-insurance,,SKIP,"Already has sources[]"
natural-frequency,,SKIP,"Already has sources[]"
navy-prt,,SKIP,"Already has sources[]"
nebraska-income-tax,,SKIP,"Already has sources[]"
nec-ampacity,,SKIP,"Already has sources[]"
nec-box-fill,,SKIP,"Already has sources[]"
nec-commercial-load-calculation,,SKIP,"Already has sources[]"
nec-conduit-fill,,SKIP,"Already has sources[]"
nec-dwelling-load-calculation,,SKIP,"Already has sources[]"
nec-voltage-drop,,SKIP,"Already has sources[]"
negative-gearing,,SKIP,"Already has sources[]"
nernst-equation,,SKIP,"Already has sources[]"
net-carbs,,SKIP,"Already has sources[]"
net-worth,,SKIP,"Already has sources[]"
network-calculator,,SKIP,"Already has sources[]"
neutron-activation,,SKIP,"Already has sources[]"
nevada-income-tax,,SKIP,"Already has sources[]"
new-brunswick-tax,,SKIP,"Already has sources[]"
new-hampshire-income-tax,,SKIP,"Already has sources[]"
new-jersey-income-tax,,SKIP,"Already has sources[]"
new-jersey-local-payroll-tax,,SKIP,"Already has sources[]"
new-mexico-income-tax,,SKIP,"Already has sources[]"
new-york-income-tax,,SKIP,"Already has sources[]"
newfoundland-tax,,SKIP,"Already has sources[]"
newsvendor-model,,SKIP,"Already has sources[]"
newton-meters-to-foot-pounds-converter,,SKIP,"Already has sources[]"
newton-s-method-calculator,,SKIP,"Already has sources[]"
nfl-draft-value-chart,,SKIP,"Already has sources[]"
nfl-passer-rating,,SKIP,"Already has sources[]"
niche-breadth,,SKIP,"Already has sources[]"
nihss,,SKIP,"Already has sources[]"
nitrogen-balance,,SKIP,"Already has sources[]"
nm to angstrom,,SKIP,"Already has sources[]"
nm-to-angstrom,,SKIP,"Already has sources[]"
nm-to-ft-lb,,SKIP,"Already has sources[]"
nm-to-m,,SKIP,"Already has sources[]"
nm-to-meters,,SKIP,"Already has sources[]"
nm-to-micrometers,,SKIP,"Already has sources[]"
nnh,,SKIP,"Already has sources[]"
nnt,,SKIP,"Already has sources[]"
nonagon-calculator,,SKIP,"Already has sources[]"
normal-distribution,,SKIP,"Already has sources[]"
normal-line-calculator,,SKIP,"Already has sources[]"
north-carolina-income-tax,,SKIP,"Already has sources[]"
north-dakota-income-tax,,SKIP,"Already has sources[]"
nova-scotia-tax,,SKIP,"Already has sources[]"
nps,,SKIP,"Already has sources[]"
npv,,SKIP,"Already has sources[]"
number-sequence,,SKIP,"Already has sources[]"
number-theory,,SKIP,"Already has sources[]"
number-to-words-converter,,SKIP,"Already has sources[]"
nunavut-tax,,SKIP,"Already has sources[]"
nwt-tax,,SKIP,"Already has sources[]"
nyc-income-tax,,SKIP,"Already has sources[]"
nyquist-plot,,SKIP,"Already has sources[]"
ocean-acidification,,SKIP,"Already has sources[]"
octagon-calculator,,SKIP,"Already has sources[]"
octahedron-volume,,SKIP,"Already has sources[]"
octal,,SKIP,"Already has sources[]"
odds-calculator,,SKIP,"Already has sources[]"
odds-ratio,,SKIP,"Already has sources[]"
ods-calculator,,SKIP,"Already has sources[]"
oee,,SKIP,"Already has sources[]"
office-space,,SKIP,"Already has sources[]"
offline,,SKIP,"Already has sources[]"
ohio-income-tax,,SKIP,"Already has sources[]"
ohio-local-income-tax,,SKIP,"Already has sources[]"
ohm-s-law-calculator,,SKIP,"Already has sources[]"
oil-change,,SKIP,"Already has sources[]"
oklahoma-income-tax,,SKIP,"Already has sources[]"
on-base-percentage,,SKIP,"Already has sources[]"
on-time-delivery,,SKIP,"Already has sources[]"
one-rep-max,,SKIP,"Already has sources[]"
one-way-anova,,SKIP,"Already has sources[]"
ontario-tax,,SKIP,"Already has sources[]"
op-amp,,SKIP,"Already has sources[]"
opioid-conversion,,SKIP,"Already has sources[]"
ops,,SKIP,"Already has sources[]"
options-greeks,,SKIP,"Already has sources[]"
oregon-income-tax,,SKIP,"Already has sources[]"
oregon-local-income-tax,,SKIP,"Already has sources[]"
orifice-plate,,SKIP,"Already has sources[]"
origami-calculator,,SKIP,"Already has sources[]"
osmolal-gap,,SKIP,"Already has sources[]"
osmolality,,SKIP,"Already has sources[]"
ounces-to-grams,,SKIP,"Already has sources[]"
ounces-to-tablespoons,,SKIP,"Already has sources[]"
overtime-calculator,,SKIP,"Already has sources[]"
overtime,,SKIP,"Already has sources[]"
ovulation,,SKIP,"Already has sources[]"
oxygenation-index,,SKIP,"Already has sources[]"
p-f-ratio,,SKIP,"Already has sources[]"
p-value,,SKIP,"Already has sources[]"
pa-local-income-tax,,SKIP,"Already has sources[]"
pa-to-psi,,SKIP,"Already has sources[]"
packet-loss-calculator,,SKIP,"Already has sources[]"
page-counter,,SKIP,"Already has sources[]"
paint-calculator,,SKIP,"Already has sources[]"
paint-mixing,,SKIP,"Already has sources[]"
paint,,SKIP,"Already has sources[]"
pallet-loading,,SKIP,"Already has sources[]"
paper-craft-calculator,,SKIP,"Already has sources[]"
parabola-calculator,,SKIP,"Already has sources[]"
parallelogram-area,,SKIP,"Already has sources[]"
parallelogram-calculator,,SKIP,"Already has sources[]"
parking-lot-layout,,SKIP,"Already has sources[]"
parkland-formula,,SKIP,"Already has sources[]"
partial-fraction-decomposition,,SKIP,"Already has sources[]"
particle-in-a-box,,SKIP,"Already has sources[]"
party-drink,,SKIP,"Already has sources[]"
pascals-to-bar-converter,,SKIP,"Already has sources[]"
pascals-to-psi-converter,,SKIP,"Already has sources[]"
pascals-to-psi,,SKIP,"Already has sources[]"
passer-rating,,SKIP,"Already has sources[]"
password-generator,,SKIP,"Already has sources[]"
patronus,,SKIP,"Already has sources[]"
pay-as-you-go-payg-withholding-explained-calculating-tax-to-be-withheld-from-salary-using-ato-tax-tables-statement-of-attainment-faqs,,SKIP,"Already has sources[]"
payback-period,,SKIP,"Already has sources[]"
paycheck,,SKIP,"Already has sources[]"
payday-loan-calculator,,SKIP,"Already has sources[]"
paye-uk,,SKIP,"Already has sources[]"
payroll-calculator,,SKIP,"Already has sources[]"
payroll-take-home-pay,,SKIP,"Already has sources[]"
pb-to-tb,,SKIP,"Already has sources[]"
pca,,SKIP,"Already has sources[]"
pcb-trace-width,,SKIP,"Already has sources[]"
pdcaas,,SKIP,"Already has sources[]"
pecking-order-theory,,SKIP,"Already has sources[]"
pediatric-blood-pressure,,SKIP,"Already has sources[]"
pediatric-bmi,,SKIP,"Already has sources[]"
pediatric-bsa-dosing,,SKIP,"Already has sources[]"
pediatric-dosage,,SKIP,"Already has sources[]"
pediatric-maintenance-fluids,,SKIP,"Already has sources[]"
peer-to-peer-loan-calculator,,SKIP,"Already has sources[]"
pei-tax,,SKIP,"Already has sources[]"
peld-score,,SKIP,"Already has sources[]"
penn-state-equation,,SKIP,"Already has sources[]"
pennsylvania-income-tax,,SKIP,"Already has sources[]"
pennyweight-to-grams,,SKIP,"Already has sources[]"
pension-payout,,SKIP,"Already has sources[]"
pension,,SKIP,"Already has sources[]"
pentagon-calculator,,SKIP,"Already has sources[]"
per,,SKIP,"Already has sources[]"
percent-composition,,SKIP,"Already has sources[]"
percent-error-calculator,,SKIP,"Already has sources[]"
percent-error,,SKIP,"Already has sources[]"
percent-yield,,SKIP,"Already has sources[]"
percentage-calculator,,SKIP,"Already has sources[]"
perfect-number,,SKIP,"Already has sources[]"
perimeter-calculator,,SKIP,"Already has sources[]"
period,,SKIP,"Already has sources[]"
periodic-table,,SKIP,"Already has sources[]"
permutation-and-combination,,SKIP,"Already has sources[]"
permutation-calculator,,SKIP,"Already has sources[]"
perpetuity,,SKIP,"Already has sources[]"
personal-loan-calculator,,SKIP,"Already has sources[]"
personal-loan,,SKIP,"Already has sources[]"
pert,,SKIP,"Already has sources[]"
pesticide,,SKIP,"Already has sources[]"
pestle-analysis-generator,,SKIP,"Already has sources[]"
pet-cost,,SKIP,"Already has sources[]"
pet-gestation,,SKIP,"Already has sources[]"
ph,,SKIP,"Already has sources[]"
phone-validator,,SKIP,"Already has sources[]"
phonetic-alphabet-translator,,SKIP,"Already has sources[]"
photoelectric-effect,,SKIP,"Already has sources[]"
phrf,,SKIP,"Already has sources[]"
picometers-to-angstroms,,SKIP,"Already has sources[]"
pig-latin-translator,,SKIP,"Already has sources[]"
pile-capacity,,SKIP,"Already has sources[]"
pile-group-efficiency,,SKIP,"Already has sources[]"
ping-calculator,,SKIP,"Already has sources[]"
pints-to-cups,,SKIP,"Already has sources[]"
pints-to-liters,,SKIP,"Already has sources[]"
pipe-sizing,,SKIP,"Already has sources[]"
pirate-name-generator,,SKIP,"Already has sources[]"
pivot-point,,SKIP,"Already has sources[]"
pixels-to-ems,,SKIP,"Already has sources[]"
pizza,,SKIP,"Already has sources[]"
plagiarism-checker,,SKIP,"Already has sources[]"
planck-s-law-calculator,,SKIP,"Already has sources[]"
plate-bending,,SKIP,"Already has sources[]"
plate-loading,,SKIP,"Already has sources[]"
plate-tectonics,,SKIP,"Already has sources[]"
playfair-cipher,,SKIP,"Already has sources[]"
pmi,,SKIP,"Already has sources[]"
points-to-pixels,,SKIP,"Already has sources[]"
poise-to-pa-s,,SKIP,"Already has sources[]"
poisson-distribution,,SKIP,"Already has sources[]"
pokemon-iv,,SKIP,"Already has sources[]"
poker-odds,,SKIP,"Already has sources[]"
polar-to-cartesian,,SKIP,"Already has sources[]"
polygon-calculator,,SKIP,"Already has sources[]"
polygon-interior-angles,,SKIP,"Already has sources[]"
polynomial,,SKIP,"Already has sources[]"
ponderal-index,,SKIP,"Already has sources[]"
pool-volume,,SKIP,"Already has sources[]"
population-pyramid-generator,,SKIP,"Already has sources[]"
porosity,,SKIP,"Already has sources[]"
porters-five-forces,,SKIP,"Already has sources[]"
portfolio-rebalancing,,SKIP,"Already has sources[]"
portfolio-standard-deviation,,SKIP,"Already has sources[]"
portion-size-calculator,,SKIP,"Already has sources[]"
position-size,,SKIP,"Already has sources[]"
potassium-calculator,,SKIP,"Already has sources[]"
potential-energy,,SKIP,"Already has sources[]"
pottery-calculator,,SKIP,"Already has sources[]"
pounds-to-grams,,SKIP,"Already has sources[]"
power-consumption,,SKIP,"Already has sources[]"
power-factor-correction,,SKIP,"Already has sources[]"
power-supply-design,,SKIP,"Already has sources[]"
power-to-weight-ratio,,SKIP,"Already has sources[]"
power-unit-converter,,SKIP,"Already has sources[]"
power,,SKIP,"Already has sources[]"
ppv,,SKIP,"Already has sources[]"
precedent-transaction-analysis,,SKIP,"Already has sources[]"
pregnancy-calculator,,SKIP,"Already has sources[]"
pregnancy-weight-gain,,SKIP,"Already has sources[]"
present-value-of-annuity,,SKIP,"Already has sources[]"
present-value,,SKIP,"Already has sources[]"
pressure-unit-converter,,SKIP,"Already has sources[]"
pressure-vessel-design,,SKIP,"Already has sources[]"
pressure,,SKIP,"Already has sources[]"
prim-s-algorithm-calculator,,SKIP,"Already has sources[]"
prime-factorization,,SKIP,"Already has sources[]"
prime-number,,SKIP,"Already has sources[]"
primer-tm,,SKIP,"Already has sources[]"
priming-sugar-5-gallons,,SKIP,"Already has sources[]"
priming-sugar-calculator,,SKIP,"Already has sources[]"
priming-sugar,,SKIP,"Already has sources[]"
prism-calculator,,SKIP,"Already has sources[]"
privacy,,SKIP,"Already has sources[]"
pro-forma-income-statement,,SKIP,"Already has sources[]"
probability-calculator,,SKIP,"Already has sources[]"
probability,,SKIP,"Already has sources[]"
proctor-test,,SKIP,"Already has sources[]"
profit-calculator,,SKIP,"Already has sources[]"
profit-margin-calculator,,SKIP,"Already has sources[]"
profitability-index,,SKIP,"Already has sources[]"
project-and-renovation-cost-estimates,,SKIP,"Already has sources[]"
project-deadline-calculator,,SKIP,"Already has sources[]"
project-roi,,SKIP,"Already has sources[]"
property-tax,,SKIP,"Already has sources[]"
proportion-calculator,,SKIP,"Already has sources[]"
protein-calculator,,SKIP,"Already has sources[]"
protein-intake-calculator,,SKIP,"Already has sources[]"
protein,,SKIP,"Already has sources[]"
psi-to-atm,,SKIP,"Already has sources[]"
psi-to-bar,,SKIP,"Already has sources[]"
psi-to-kpa,,SKIP,"Already has sources[]"
psi-to-pa,,SKIP,"Already has sources[]"
psi-to-pascals,,SKIP,"Already has sources[]"
psychrometric-chart,,SKIP,"Already has sources[]"
pt-slab-design,,SKIP,"Already has sources[]"
pulley-speed,,SKIP,"Already has sources[]"
pump-power,,SKIP,"Already has sources[]"
pump-sizing,,SKIP,"Already has sources[]"
punching-shear,,SKIP,"Already has sources[]"
punnett-square,,SKIP,"Already has sources[]"
purchasing-power-parity,,SKIP,"Already has sources[]"
push-up-test,,SKIP,"Already has sources[]"
put-call-parity,,SKIP,"Already has sources[]"
pyramid-calculator,,SKIP,"Already has sources[]"
pyramid-volume,,SKIP,"Already has sources[]"
pythagorean-theorem,,SKIP,"Already has sources[]"
q-q-plot-generator,,SKIP,"Already has sources[]"
q-value,,SKIP,"Already has sources[]"
qr-code-generator,,SKIP,"Already has sources[]"
qr-decomposition,,SKIP,"Already has sources[]"
qsofa,,SKIP,"Already has sources[]"
qtc,,SKIP,"Already has sources[]"
quadratic-formula,,SKIP,"Already has sources[]"
quantum-tunneling,,SKIP,"Already has sources[]"
quarter-mile-calculator,,SKIP,"Already has sources[]"
quarter-mile,,SKIP,"Already has sources[]"
quarterly-tax-calculator,,SKIP,"Already has sources[]"
quartile,,SKIP,"Already has sources[]"
quarts-to-cups,,SKIP,"Already has sources[]"
quarts-to-liters,,SKIP,"Already has sources[]"
quaternion,,SKIP,"Already has sources[]"
quebec-tax,,SKIP,"Already has sources[]"
queuing-theory,,SKIP,"Already has sources[]"
quick-ratio,,SKIP,"Already has sources[]"
quilting-calculator,,SKIP,"Already has sources[]"
r-squared,,SKIP,"Already has sources[]"
r-value,,SKIP,"Already has sources[]"
race-time-predictor,,SKIP,"Already has sources[]"
rad-to-gray,,SKIP,"Already has sources[]"
radians-to-degrees,,SKIP,"Already has sources[]"
radiation-shielding,,SKIP,"Already has sources[]"
radioactive-decay,,SKIP,"Already has sources[]"
rafter,,SKIP,"Already has sources[]"
rail-fence-cipher,,SKIP,"Already has sources[]"
random-fact-generator,,SKIP,"Already has sources[]"
random-number-generator,,SKIP,"Already has sources[]"
range-calculator,,SKIP,"Already has sources[]"
rankine-cycle,,SKIP,"Already has sources[]"
rankine-to-celsius,,SKIP,"Already has sources[]"
ranson-s-criteria-calculator,,SKIP,"Already has sources[]"
raoult-s-law-calculator,,SKIP,"Already has sources[]"
ratio,,SKIP,"Already has sources[]"
rational-method,,SKIP,"Already has sources[]"
rc-filter,,SKIP,"Already has sources[]"
reactance,,SKIP,"Already has sources[]"
reaction-time-test,,SKIP,"Already has sources[]"
reactor-design,,SKIP,"Already has sources[]"
reading-time-calculator,,SKIP,"Already has sources[]"
real-estate-development,,SKIP,"Already has sources[]"
real-estate-irr,,SKIP,"Already has sources[]"
real-options-valuation,,SKIP,"Already has sources[]"
rebar-calculator,,SKIP,"Already has sources[]"
rebar-weight,,SKIP,"Already has sources[]"
receivables-turnover,,SKIP,"Already has sources[]"
recipe-nutrition-calculator,,SKIP,"Already has sources[]"
recipe-scaler,,SKIP,"Already has sources[]"
rectangle-area-calculator,,SKIP,"Already has sources[]"
rectangular-prism-volume,,SKIP,"Already has sources[]"
recycling-savings,,SKIP,"Already has sources[]"
redshift,,SKIP,"Already has sources[]"
refinance-calculator,,SKIP,"Already has sources[]"
regex-tester,,SKIP,"Already has sources[]"
regression-calculator,,SKIP,"Already has sources[]"
regular-ngon-calculator,,SKIP,"Already has sources[]"
regular-polygon-area,,SKIP,"Already has sources[]"
regular-polygon-calculator,,SKIP,"Already has sources[]"
relative-risk,,SKIP,"Already has sources[]"
relativistic-kinetic-energy,,SKIP,"Already has sources[]"
relativistic-mass,,SKIP,"Already has sources[]"
relativistic-velocity-addition,,SKIP,"Already has sources[]"
rem-to-sievert,,SKIP,"Already has sources[]"
remainder,,SKIP,"Already has sources[]"
rems-to-pixels,,SKIP,"Already has sources[]"
rent-vs-buy,,SKIP,"Already has sources[]"
reorder-point,,SKIP,"Already has sources[]"
resistor-color-code,,SKIP,"Already has sources[]"
resp,,SKIP,"Already has sources[]"
rest-timer,,SKIP,"Already has sources[]"
restriction-enzyme-digest,,SKIP,"Already has sources[]"
retaining-wall-design,,SKIP,"Already has sources[]"
retaining-wall-stability,,SKIP,"Already has sources[]"
retirement,,SKIP,"Already has sources[]"
return-on-assets,,SKIP,"Already has sources[]"
return-on-equity,,SKIP,"Already has sources[]"
reverberation-time,,SKIP,"Already has sources[]"
reverse-mortgage,,SKIP,"Already has sources[]"
reverse-sales-tax,,SKIP,"Already has sources[]"
reynolds-number,,SKIP,"Already has sources[]"
rfm,,SKIP,"Already has sources[]"
rgb-converter,,SKIP,"Already has sources[]"
rhode-island-income-tax,,SKIP,"Already has sources[]"
rhombus-area,,SKIP,"Already has sources[]"
rhombus-calculator,,SKIP,"Already has sources[]"
right-triangle-calculator,,SKIP,"Already has sources[]"
right-triangle,,SKIP,"Already has sources[]"
ring-size-converter,,SKIP,"Already has sources[]"
risk-assessment-matrix,,SKIP,"Already has sources[]"
river-discharge,,SKIP,"Already has sources[]"
rmd,,SKIP,"Already has sources[]"
roas,,SKIP,"Already has sources[]"
rock-paper-scissors-simulator,,SKIP,"Already has sources[]"
rocket-engine-performance,,SKIP,"Already has sources[]"
rocket-equation,,SKIP,"Already has sources[]"
rockport-walk-test,,SKIP,"Already has sources[]"
rockwell-hardness-converter,,SKIP,"Already has sources[]"
rods-to-feet,,SKIP,"Already has sources[]"
roi,,SKIP,"Already has sources[]"
roman-numeral-converter,,SKIP,"Already has sources[]"
roman-units-converter,,SKIP,"Already has sources[]"
rood-to-acres,,SKIP,"Already has sources[]"
roof-pitch,,SKIP,"Already has sources[]"
roofing-calculator,,SKIP,"Already has sources[]"
roofing,,SKIP,"Already has sources[]"
room-layout-calculator,,SKIP,"Already has sources[]"
room-mode,,SKIP,"Already has sources[]"
root-locus,,SKIP,"Already has sources[]"
root,,SKIP,"Already has sources[]"
roots-calculator,,SKIP,"Already has sources[]"
rot13,,SKIP,"Already has sources[]"
roth-conversion,,SKIP,"Already has sources[]"
roth-ira,,SKIP,"Already has sources[]"
roulette-odds,,SKIP,"Already has sources[]"
rounding,,SKIP,"Already has sources[]"
rqd,,SKIP,"Already has sources[]"
rrsp,,SKIP,"Already has sources[]"
rsa,,SKIP,"Already has sources[]"
rsi,,SKIP,"Already has sources[]"
rsvp,,SKIP,"Already has sources[]"
rule-of-72,,SKIP,"Already has sources[]"
runge-kutta,,SKIP,"Already has sources[]"
running-pace,,SKIP,"Already has sources[]"
running-time-predictor,,SKIP,"Already has sources[]"
rv-loan-calculator,,SKIP,"Already has sources[]"
safety-stock,,SKIP,"Already has sources[]"
saffir-simpson-scale,,SKIP,"Already has sources[]"
sag-and-tension,,SKIP,"Already has sources[]"
salary-increase,,SKIP,"Already has sources[]"
salary-sacrifice,,SKIP,"Already has sources[]"
salary-to-hourly-calculator,,SKIP,"Already has sources[]"
sales-funnel,,SKIP,"Already has sources[]"
sales-tax-calculator,,SKIP,"Already has sources[]"
sales-tax,,SKIP,"Already has sources[]"
sample-size,,SKIP,"Already has sources[]"
sand-calculator,,SKIP,"Already has sources[]"
sand,,SKIP,"Already has sources[]"
saskatchewan-tax,,SKIP,"Already has sources[]"
satellite-orbit,,SKIP,"Already has sources[]"
save-percentage,,SKIP,"Already has sources[]"
savings,,SKIP,"Already has sources[]"
sba-loan-calculator,,SKIP,"Already has sources[]"
scaffolding-load,,SKIP,"Already has sources[]"
scale-conversion,,SKIP,"Already has sources[]"
scalene-triangle-calculator,,SKIP,"Already has sources[]"
schedule-calculator,,SKIP,"Already has sources[]"
schofield-equation,,SKIP,"Already has sources[]"
schwarzschild-radius,,SKIP,"Already has sources[]"
scientific-calculator,,SKIP,"Already has sources[]"
scientific-notation,,SKIP,"Already has sources[]"
scientific,,SKIP,"Already has sources[]"
scotland-tax,,SKIP,"Already has sources[]"
scrapbooking-calculator,,SKIP,"Already has sources[]"
scruples-to-grams,,SKIP,"Already has sources[]"
seach,,SKIP,"Already has sources[]"
sealant-calculator,,SKIP,"Already has sources[]"
search,,SKIP,"Already has sources[]"
secant-line-calculator,,SKIP,"Already has sources[]"
seconds-calculator,,SKIP,"Already has sources[]"
section-179,,SKIP,"Already has sources[]"
sector-area-calculator,,SKIP,"Already has sources[]"
secured-loan-calculator,,SKIP,"Already has sources[]"
segment-calculator,,SKIP,"Already has sources[]"
seismic-wave-travel-time,,SKIP,"Already has sources[]"
self-directed-ira-real-estate,,SKIP,"Already has sources[]"
self-employment-tax-calculator,,SKIP,"Already has sources[]"
self-employment-tax,,SKIP,"Already has sources[]"
semaphore-translator,,SKIP,"Already has sources[]"
sensitivity-and-specificity,,SKIP,"Already has sources[]"
seo-roi,,SKIP,"Already has sources[]"
sequence-calculator,,SKIP,"Already has sources[]"
serial-dilution,,SKIP,"Already has sources[]"
series-and-sequences,,SKIP,"Already has sources[]"
series-calculator,,SKIP,"Already has sources[]"
series-parallel-resistor,,SKIP,"Already has sources[]"
set-operations,,SKIP,"Already has sources[]"
set-theory,,SKIP,"Already has sources[]"
sewing-calculator,,SKIP,"Already has sources[]"
sewing-yardage,,SKIP,"Already has sources[]"
shaft-design,,SKIP,"Already has sources[]"
shannon-diversity-index,,SKIP,"Already has sources[]"
sharpe-ratio,,SKIP,"Already has sources[]"
sheathing-calculator,,SKIP,"Already has sources[]"
shift-calculator,,SKIP,"Already has sources[]"
short-circuit-current,,SKIP,"Already has sources[]"
short-term-capital-gains-tax,,SKIP,"Already has sources[]"
side-hustle,,SKIP,"Already has sources[]"
siding-calculator,,SKIP,"Already has sources[]"
siding,,SKIP,"Already has sources[]"
significant-figures,,SKIP,"Already has sources[]"
simple-harmonic-motion,,SKIP,"Already has sources[]"
simple-interest,,SKIP,"Already has sources[]"
simple-loan-calculator,,SKIP,"Already has sources[]"
simple-loan,,SKIP,"Already has sources[]"
simpson-s-rule-calculator,,SKIP,"Already has sources[]"
simpsons-diversity-index,,SKIP,"Already has sources[]"
single-slit-diffraction,,SKIP,"Already has sources[]"
sip-calculator,,SKIP,"Already has sources[]"
sipp,,SKIP,"Already has sources[]"
sit-up-test,,SKIP,"Already has sources[]"
six-sigma,,SKIP,"Already has sources[]"
skewness-and-kurtosis,,SKIP,"Already has sources[]"
skin-effect,,SKIP,"Already has sources[]"
skins-game,,SKIP,"Already has sources[]"
slope-stability,,SKIP,"Already has sources[]"
slope,,SKIP,"Already has sources[]"
slot-machine-payout,,SKIP,"Already has sources[]"
slug-to-kg,,SKIP,"Already has sources[]"
slugging-percentage,,SKIP,"Already has sources[]"
slugs-to-kg,,SKIP,"Already has sources[]"
smith-chart,,SKIP,"Already has sources[]"
smoking-cost,,SKIP,"Already has sources[]"
snell-s-law-calculator,,SKIP,"Already has sources[]"
social-security-break-even,,SKIP,"Already has sources[]"
social-security-tax,,SKIP,"Already has sources[]"
social-security,,SKIP,"Already has sources[]"
sodium-calculator,,SKIP,"Already has sources[]"
sofa-score,,SKIP,"Already has sources[]"
sohcahtoa,,SKIP,"Already has sources[]"
soil-calculator,,SKIP,"Already has sources[]"
soil-nail-design,,SKIP,"Already has sources[]"
soil-salinity,,SKIP,"Already has sources[]"
soil-texture-triangle,,SKIP,"Already has sources[]"
solar-panel-output,,SKIP,"Already has sources[]"
solar-position,,SKIP,"Already has sources[]"
solid-geometry-calculator,,SKIP,"Already has sources[]"
solidarity-surcharge,,SKIP,"Already has sources[]"
sortino-ratio,,SKIP,"Already has sources[]"
sound-intensity-level,,SKIP,"Already has sources[]"
sound-transmission-loss,,SKIP,"Already has sources[]"
south-carolina-income-tax,,SKIP,"Already has sources[]"
south-dakota-income-tax,,SKIP,"Already has sources[]"
space-planning-calculator,,SKIP,"Already has sources[]"
spacecraft-trajectory-planner,,SKIP,"Already has sources[]"
spacetime-interval,,SKIP,"Already has sources[]"
spanish-pension,,SKIP,"Already has sources[]"
spearmans-rank-correlation,,SKIP,"Already has sources[]"
speed-converter,,SKIP,"Already has sources[]"
speed-distance-time,,SKIP,"Already has sources[]"
speeds-and-feeds,,SKIP,"Already has sources[]"
sphere-calculator,,SKIP,"Already has sources[]"
sphere-volume-calculator,,SKIP,"Already has sources[]"
spherical-to-cartesian,,SKIP,"Already has sources[]"
spirit-animal,,SKIP,"Already has sources[]"
split-bill-calculator,,SKIP,"Already has sources[]"
sports-timer,,SKIP,"Already has sources[]"
spring-rate,,SKIP,"Already has sources[]"
sq-in-to-sq-ft,,SKIP,"Already has sources[]"
sq-yd-to-sq-ft,,SKIP,"Already has sources[]"
square-calculator,,SKIP,"Already has sources[]"
square-feet-to-acres,,SKIP,"Already has sources[]"
square-feet-to-square-meters,,SKIP,"Already has sources[]"
square-meters-to-square-feet,,SKIP,"Already has sources[]"
square-miles-to-square-kilometers,,SKIP,"Already has sources[]"
square-root-calculator,,SKIP,"Already has sources[]"
srm,,SKIP,"Already has sources[]"
ssn-validator,,SKIP,"Already has sources[]"
stableford,,SKIP,"Already has sources[]"
stair,,SKIP,"Already has sources[]"
stairs-calculator,,SKIP,"Already has sources[]"
standard-atmosphere,,SKIP,"Already has sources[]"
standard-deviation,,SKIP,"Already has sources[]"
standard-error,,SKIP,"Already has sources[]"
standard-form,,SKIP,"Already has sources[]"
startup-costs,,SKIP,"Already has sources[]"
state-space-to-transfer-function,,SKIP,"Already has sources[]"
statin-intensity,,SKIP,"Already has sources[]"
statistical-power,,SKIP,"Already has sources[]"
statistics,,SKIP,"Already has sources[]"
steel-base-plate-design,,SKIP,"Already has sources[]"
steel-grating,,SKIP,"Already has sources[]"
steel-joist-design,,SKIP,"Already has sources[]"
steel-joist,,SKIP,"Already has sources[]"
stellar-evolution,,SKIP,"Already has sources[]"
stem-and-leaf-plot,,SKIP,"Already has sources[]"
steps-to-miles,,SKIP,"Already has sources[]"
stock,,SKIP,"Already has sources[]"
stoichiometry,,SKIP,"Already has sources[]"
stone-calculator,,SKIP,"Already has sources[]"
stone-to-lbs,,SKIP,"Already has sources[]"
stopwatch-calculator,,SKIP,"Already has sources[]"
straddle,,SKIP,"Already has sources[]"
stream-discharge,,SKIP,"Already has sources[]"
strength-training-calculator,,SKIP,"Already has sources[]"
stress-and-strain,,SKIP,"Already has sources[]"
stress-intensity-factor,,SKIP,"Already has sources[]"
strike-water-temperature-calculator,,SKIP,"Already has sources[]"
strike-water-temperature,,SKIP,"Already has sources[]"
structural,,SKIP,"Already has sources[]"
student-loan-calculator,,SKIP,"Already has sources[]"
student-loan-payoff,,SKIP,"Already has sources[]"
student-loan,,SKIP,"Already has sources[]"
subnet-calculator,,SKIP,"Already has sources[]"
subnet,,SKIP,"Already has sources[]"
substitution-cipher-solver,,SKIP,"Already has sources[]"
sudoku-solver,,SKIP,"Already has sources[]"
sugar-calculator,,SKIP,"Already has sources[]"
sugar-intake-calculator,,SKIP,"Already has sources[]"
superannuation,,SKIP,"Already has sources[]"
superhero-name-generator,,SKIP,"Already has sources[]"
surface-area-calculator,,SKIP,"Already has sources[]"
surface-area,,SKIP,"Already has sources[]"
sustainable-growth-rate,,SKIP,"Already has sources[]"
svd,,SKIP,"Already has sources[]"
swimming-pace,,SKIP,"Already has sources[]"
swolf-score,,SKIP,"Already has sources[]"
swot-analysis-generator,,SKIP,"Already has sources[]"
synergy-value,,SKIP,"Already has sources[]"
synthetic-division,,SKIP,"Already has sources[]"
system-of-equations,,SKIP,"Already has sources[]"
t-bill-yield,,SKIP,"Already has sources[]"
t-test,,SKIP,"Already has sources[]"
tablespoons-to-cups,,SKIP,"Already has sources[]"
tablespoons-to-teaspoons,,SKIP,"Already has sources[]"
takt-time,,SKIP,"Already has sources[]"
tangent-line-calculator,,SKIP,"Already has sources[]"
target-heart-rate,,SKIP,"Already has sources[]"
tax-bracket-calculator,,SKIP,"Already has sources[]"
tax-refund-calculator,,SKIP,"Already has sources[]"
tax-withholding-calculator,,SKIP,"Already has sources[]"
taxable-vs-tax-advantaged,,SKIP,"Already has sources[]"
taylor-series,,SKIP,"Already has sources[]"
tbsp-to-ml,,SKIP,"Already has sources[]"
tdee,,SKIP,"Already has sources[]"
teaspoons-to-tablespoons,,SKIP,"Already has sources[]"
template-calc,,SKIP,"Already has sources[]"
template-cat,,SKIP,"Already has sources[]"
template-home,,SKIP,"Already has sources[]"
template-subcat,,SKIP,"Already has sources[]"
tennessee-income-tax,,SKIP,"Already has sources[]"
tennis-elo-rating,,SKIP,"Already has sources[]"
terms,,SKIP,"Already has sources[]"
test-score,,SKIP,"Already has sources[]"
test-search,,SKIP,"Already has sources[]"
tetrahedron-volume,,SKIP,"Already has sources[]"
texas-income-tax,,SKIP,"Already has sources[]"
texas-sales-tax,,SKIP,"Already has sources[]"
text-counter,,SKIP,"Already has sources[]"
tfsa,,SKIP,"Already has sources[]"
the-goods-and-services-tax-gst-in-australia-calculating-the-10-gst-adding-or-removing-gst-from-a-price-gst-free-sales-faqs,,SKIP,"Already has sources[]"
theis-equation,,SKIP,"Already has sources[]"
thermal-stress,,SKIP,"Already has sources[]"
therms-to-btu,,SKIP,"Already has sources[]"
thin-film-interference,,SKIP,"Already has sources[]"
thin-lens-equation,,SKIP,"Already has sources[]"
three-phase-power,,SKIP,"Already has sources[]"
tide-prediction,,SKIP,"Already has sources[]"
tile-calculator,,SKIP,"Already has sources[]"
tile,,SKIP,"Already has sources[]"
tilt-up-wall-design,,SKIP,"Already has sources[]"
time-calculator,,SKIP,"Already has sources[]"
time-difference-calculator,,SKIP,"Already has sources[]"
time-dilation,,SKIP,"Already has sources[]"
time-duration-calculator,,SKIP,"Already has sources[]"
time-of-concentration,,SKIP,"Already has sources[]"
time-to-decimal,,SKIP,"Already has sources[]"
time-travel,,SKIP,"Already has sources[]"
time-zone-calculator,,SKIP,"Already has sources[]"
time-zone-converter,,SKIP,"Already has sources[]"
timer-calculator,,SKIP,"Already has sources[]"
timi-risk-score,,SKIP,"Already has sources[]"
tip,,SKIP,"Already has sources[]"
tipping,,SKIP,"Already has sources[]"
tire-pressure-calculator,,SKIP,"Already has sources[]"
tire-size,,SKIP,"Already has sources[]"
title-loan-calculator,,SKIP,"Already has sources[]"
titration-curve,,SKIP,"Already has sources[]"
tons-to-lbs,,SKIP,"Already has sources[]"
topsoil,,SKIP,"Already has sources[]"
torque-to-hp-calculator,,SKIP,"Already has sources[]"
torque-unit-converter,,SKIP,"Already has sources[]"
torque,,SKIP,"Already has sources[]"
torr-to-pa,,SKIP,"Already has sources[]"
torus-volume,,SKIP,"Already has sources[]"
total-asset-turnover,,SKIP,"Already has sources[]"
tower-crane-foundation,,SKIP,"Already has sources[]"
township-to-square-miles,,SKIP,"Already has sources[]"
trading-tools,,SKIP,"Already has sources[]"
traditional-ira-calculator,,SKIP,"Already has sources[]"
traffic-signal-timing,,SKIP,"Already has sources[]"
training-roi,,SKIP,"Already has sources[]"
transformer-ocpd,,SKIP,"Already has sources[]"
transmission-line,,SKIP,"Already has sources[]"
trapezoid-area,,SKIP,"Already has sources[]"
trapezoid-calculator,,SKIP,"Already has sources[]"
trapezoidal-rule,,SKIP,"Already has sources[]"
travel-budget,,SKIP,"Already has sources[]"
travel-time,,SKIP,"Already has sources[]"
traveling-salesman-problem,,SKIP,"Already has sources[]"
traverse,,SKIP,"Already has sources[]"
treadmill-pace,,SKIP,"Already has sources[]"
treynor-ratio,,SKIP,"Already has sources[]"
triangle-calculator,,SKIP,"Already has sources[]"
triangular-prism-volume,,SKIP,"Already has sources[]"
trig-identity,,SKIP,"Already has sources[]"
trim-calculator,,SKIP,"Already has sources[]"
trip-cost-calculator,,SKIP,"Already has sources[]"
trophic-state-index,,SKIP,"Already has sources[]"
troy-ounces-to-grams,,SKIP,"Already has sources[]"
true-shooting-percentage,,SKIP,"Already has sources[]"
truth-table-generator,,SKIP,"Already has sources[]"
tsp-to-ml,,SKIP,"Already has sources[]"
turkey-size,,SKIP,"Already has sources[]"
tv-size-viewing-distance,,SKIP,"Already has sources[]"
two-way-anova,,SKIP,"Already has sources[]"
typing-speed-calculator,,SKIP,"Already has sources[]"
typography-converter,,SKIP,"Already has sources[]"
uk-and-europe-taxes,,SKIP,"Already has sources[]"
uk-tax,,SKIP,"Already has sources[]"
uml-diagram-generator,,SKIP,"Already has sources[]"
uncertainty-principle,,SKIP,"Already has sources[]"
underlayment-calculator,,SKIP,"Already has sources[]"
unit-circle,,SKIP,"Already has sources[]"
unit-converter,,SKIP,"Already has sources[]"
universal-currency-converter,,SKIP,"Already has sources[]"
unsecured-loan-calculator,,SKIP,"Already has sources[]"
upload-time-calculator,,SKIP,"Already has sources[]"
url-encoder-decoder,,SKIP,"Already has sources[]"
url-validator,,SKIP,"Already has sources[]"
us-federal-taxes,,SKIP,"Already has sources[]"
us-state-and-local-taxes,,SKIP,"Already has sources[]"
us-state-taxes,,SKIP,"Already has sources[]"
usle,,SKIP,"Already has sources[]"
utah-income-tax,,SKIP,"Already has sources[]"
utm-coordinate-converter,,SKIP,"Already has sources[]"
va-loan,,SKIP,"Already has sources[]"
valence-electrons,,SKIP,"Already has sources[]"
value-at-risk,,SKIP,"Already has sources[]"
van-t-hoff-factor-calculator,,SKIP,"Already has sources[]"
vapor-barrier-calculator,,SKIP,"Already has sources[]"
variance-calculator,,SKIP,"Already has sources[]"
vat-uk,,SKIP,"Already has sources[]"
vat,,SKIP,"Already has sources[]"
vector,,SKIP,"Already has sources[]"
venn-diagram-generator,,SKIP,"Already has sources[]"
vermont-income-tax,,SKIP,"Already has sources[]"
vertex-calculator,,SKIP,"Already has sources[]"
vertical-curve,,SKIP,"Already has sources[]"
vertical-jump,,SKIP,"Already has sources[]"
vigenere-cipher,,SKIP,"Already has sources[]"
virginia-income-tax,,SKIP,"Already has sources[]"
viscosity-converter,,SKIP,"Already has sources[]"
vitamin-calculator,,SKIP,"Already has sources[]"
vle,,SKIP,"Already has sources[]"
vo2-max,,SKIP,"Already has sources[]"
voltage-divider,,SKIP,"Already has sources[]"
volts-to-watts,,SKIP,"Already has sources[]"
volume-converter,,SKIP,"Already has sources[]"
volume,,SKIP,"Already has sources[]"
w4-withholding,,SKIP,"Already has sources[]"
wacc,,SKIP,"Already has sources[]"
waist-to-hip-ratio-calculator,,SKIP,"Already has sources[]"
waist-to-hip-ratio,,SKIP,"Already has sources[]"
wales-tax,,SKIP,"Already has sources[]"
wall-framing,,SKIP,"Already has sources[]"
wallpaper,,SKIP,"Already has sources[]"
walter-model-dividend,,SKIP,"Already has sources[]"
war,,SKIP,"Already has sources[]"
wash-sale-rule,,SKIP,"Already has sources[]"
washington-income-tax,,SKIP,"Already has sources[]"
washington-local-sales-tax,,SKIP,"Already has sources[]"
water-cement-ratio,,SKIP,"Already has sources[]"
water-footprint,,SKIP,"Already has sources[]"
water-intake-calculator,,SKIP,"Already has sources[]"
water-intake,,SKIP,"Already has sources[]"
watts-to-amps,,SKIP,"Already has sources[]"
watts-to-btu,,SKIP,"Already has sources[]"
watts-to-horsepower-converter,,SKIP,"Already has sources[]"
watts-to-hp,,SKIP,"Already has sources[]"
watts-to-va,,SKIP,"Already has sources[]"
wbgt,,SKIP,"Already has sources[]"
wedding-budget,,SKIP,"Already has sources[]"
wedding-flower,,SKIP,"Already has sources[]"
wedding-seating-chart,,SKIP,"Already has sources[]"
week-number-calculator,,SKIP,"Already has sources[]"
week-number,,SKIP,"Already has sources[]"
weibull-distribution,,SKIP,"Already has sources[]"
weight-and-balance,,SKIP,"Already has sources[]"
weight-and-mass,,SKIP,"Already has sources[]"
weight-converter,,SKIP,"Already has sources[]"
weight-gain-calculator,,SKIP,"Already has sources[]"
weight-loss-calculator,,SKIP,"Already has sources[]"
weighted-average,,SKIP,"Already has sources[]"
welded-connection,,SKIP,"Already has sources[]"
welding-cost,,SKIP,"Already has sources[]"
wells-criteria,,SKIP,"Already has sources[]"
west-virginia-income-tax,,SKIP,"Already has sources[]"
what-are-franking-credits-imputation-credits-calculating-the-gross-up-and-tax-offset-from-franked-dividends-for-australian-shareholders-faqs,,SKIP,"Already has sources[]"
what-is-epf-projecting-your-epf-balance-at-retirement-employee-and-employer-contributions-interest-rates-and-withdrawals-faqs,,SKIP,"Already has sources[]"
what-is-fringe-benefits-tax-calculating-fbt-on-a-company-car-using-the-statutory-formula-or-operating-cost-method-fbt-rates-and-thresholds-faqs,,SKIP,"Already has sources[]"
what-is-gratuity-calculating-the-gratuity-amount-payable-to-an-employee-based-on-last-drawn-salary-and-years-of-service-for-employees-covered-under-the-gratuity-act-faqs,,SKIP,"Already has sources[]"
what-is-ppf-calculating-maturity-amount-and-interest-on-a-ppf-account-contribution-limits-and-loan-facility-a-popular-tax-saving-investment-faqs,,SKIP,"Already has sources[]"
what-is-stamp-duty,,SKIP,"Already has sources[]"
what-is-superannuation-calculating-your-super-guarantee-sg-contributions-projecting-your-super-balance-at-retirement-investment-options-faqs,,SKIP,"Already has sources[]"
what-is-the-medicare-levy-surcharge-calculating-the-surcharge-for-high-income-earners-without-private-health-insurance-income-thresholds-faqs,,SKIP,"Already has sources[]"
what-is-the-nps-projecting-your-pension-wealth-and-annuity-from-nps-contributions-tier-i-and-tier-ii-accounts-tax-benefits-of-nps-faqs,,SKIP,"Already has sources[]"
wheatstone-bridge,,SKIP,"Already has sources[]"
when-will-i-be-a-millionaire,,SKIP,"Already has sources[]"
whip,,SKIP,"Already has sources[]"
wilcoxon-signed-rank-test,,SKIP,"Already has sources[]"
wilks-score,,SKIP,"Already has sources[]"
wind-chill,,SKIP,"Already has sources[]"
wind-turbine-foundation,,SKIP,"Already has sources[]"
wind-turbine-power,,SKIP,"Already has sources[]"
winters-formula,,SKIP,"Already has sources[]"
wire-mesh-calculator,,SKIP,"Already has sources[]"
wisconsin-income-tax,,SKIP,"Already has sources[]"
women-s-dress-size-converter,,SKIP,"Already has sources[]"
women-s-shoe-size-converter,,SKIP,"Already has sources[]"
wood-beam-design,,SKIP,"Already has sources[]"
wood-bolt-design,,SKIP,"Already has sources[]"
wood-column-design,,SKIP,"Already has sources[]"
wood-diaphragm,,SKIP,"Already has sources[]"
wood-nail-design,,SKIP,"Already has sources[]"
wood-shear-wall,,SKIP,"Already has sources[]"
woodworking-calculator,,SKIP,"Already has sources[]"
word-counter,,SKIP,"Already has sources[]"
wordle-solver,,SKIP,"Already has sources[]"
words-to-numbers-converter,,SKIP,"Already has sources[]"
work,,SKIP,"Already has sources[]"
workdays-calculator,,SKIP,"Already has sources[]"
working-hours-calculator,,SKIP,"Already has sources[]"
workout-calculator,,SKIP,"Already has sources[]"
world-clock-calculator,,SKIP,"Already has sources[]"
wpm-calculator,,SKIP,"Already has sources[]"
ww-points,,SKIP,"Already has sources[]"
wyoming-income-tax,,SKIP,"Already has sources[]"
yards-to-meters,,SKIP,"Already has sources[]"
yarn,,SKIP,"Already has sources[]"
yeast-pitch-rate,,SKIP,"Already has sources[]"
yeast-starter,,SKIP,"Already has sources[]"
yield-on-cost,,SKIP,"Already has sources[]"
ymca-step-test,,SKIP,"Already has sources[]"
yukon-tax,,SKIP,"Already has sources[]"
z-score,,SKIP,"Already has sources[]"
ziegler-nichols,,SKIP,"Already has sources[]"
zombie-apocalypse,,SKIP,"Already has sources[]"
zs,,SKIP,"Already has sources[]"
